# parameter1	parameter2	
# parameter1	parameter2	
# parameter1	parameter2	
# parameter1	parameter2	
# parameter1	parameter2	
# parameter1	parameter2	
# parameter1	parameter2	
# parameter1	parameter2	
# parameter1	parameter2	
# parameter1	parameter2	
# parameter1	parameter2	
# parameter1	parameter2	
# parameter1	parameter2	
# parameter1	parameter2	
# parameter1	parameter2	
# parameter1	parameter2	
# parameter1	parameter2	
# parameter1	parameter2	
# parameter1	parameter2	
# parameter1	parameter2	
# parameter1	parameter2	
# parameter1	parameter2	
# parameter1	parameter2	
# parameter1	parameter2	
# parameter1	parameter2	
# parameter1	parameter2	
# parameter1	parameter2	
# parameter1	parameter2	
# parameter1	parameter2	
# parameter1	parameter2	
# parameter1	parameter2	
# parameter1	parameter2	
# parameter1	parameter2	
# parameter1	parameter2	
# parameter1	parameter2	
# parameter1	parameter2	
# parameter1	parameter2	
# parameter1	parameter2	
# parameter1	parameter2	
# parameter1	parameter2	
# parameter1	parameter2	
# parameter1	parameter2	
# parameter1	parameter2	
# parameter1	parameter2	
# parameter1	parameter2	
# parameter1	parameter2	
# parameter1	parameter2	
# parameter1	parameter2	
# parameter1	parameter2	
# parameter1	parameter2	
# parameter1	parameter2	
# parameter1	parameter2	
# parameter1	parameter2	
# parameter1	parameter2	
# parameter1	parameter2	
# parameter1	parameter2	
# parameter1	parameter2	
# parameter1	parameter2	
# parameter1	parameter2	
# parameter1	parameter2	
# parameter1	parameter2	
# parameter1	parameter2	
# parameter1	parameter2	
# parameter1	parameter2	
# parameter1	parameter2	
# parameter1	parameter2	
# parameter1	parameter2	
# parameter1	parameter2	
# parameter1	parameter2	
# parameter1	parameter2	
# parameter1	parameter2	
# parameter1	parameter2	
# parameter1	parameter2	
# parameter1	parameter2	
# parameter1	parameter2	
# parameter1	parameter2	
# parameter1	parameter2	
# parameter1	parameter2	
# parameter1	parameter2	
# parameter1	parameter2	
# parameter1	parameter2	
# parameter1	parameter2	
# parameter1	parameter2	
# parameter1	parameter2	
# parameter1	parameter2	
# parameter1	parameter2	
# parameter1	parameter2	
# parameter1	parameter2	
# parameter1	parameter2	
# parameter1	parameter2	
# parameter1	parameter2	
# parameter1	parameter2	
# parameter1	parameter2	
# parameter1	parameter2	
# parameter1	parameter2	
# parameter1	parameter2	
# parameter1	parameter2	
# parameter1	parameter2	
# parameter1	parameter2	
# parameter1	parameter2	
# parameter1	parameter2	
# parameter1	parameter2	
# parameter1	parameter2	
# parameter1	parameter2	
# parameter1	parameter2	
# parameter1	parameter2	
# parameter1	parameter2	
# parameter1	parameter2	
# parameter1	parameter2	
# parameter1	parameter2	
# parameter1	parameter2	
# parameter1	parameter2	
# parameter1	parameter2	
# parameter1	parameter2	
# parameter1	parameter2	
# parameter1	parameter2	
# parameter1	parameter2	
# parameter1	parameter2	
# parameter1	parameter2	
# parameter1	parameter2	
# parameter1	parameter2	
# parameter1	parameter2	
# parameter1	parameter2	
# parameter1	parameter2	
# parameter1	parameter2	
# parameter1	parameter2	
# parameter1	parameter2	
# parameter1	parameter2	
# parameter1	parameter2	
1.16343623768e-08	1.89634160277	0.028686991290680575	0.011939421158941957	
5.52488074459e-08	1.74683511109	3.969929115563225e-06	2.8120345384397343e-06	
5.90498714002e-08	1.38644542568	8.988701048176354e-06	6.464512450359725e-06	
1.72552313842e-08	1.9606757329	0.02947117945353971	0.008655185904932805	
3.41821301597e-08	0.765504781236	8.879110987311874e-17	1.2556959180072415e-16	
3.86592556265e-08	1.65720310172	4.0374688002477175e-06	3.8590745699379065e-06	
4.5100693096e-08	1.41673922355	3.0112166790368626e-06	2.5156080211972544e-06	
5.8682731102e-08	0.905449380826	5.977484369228283e-06	8.45343946364747e-06	
4.46718656003e-09	0.95615148136	0.0016242426028061513	0.0005090496700429157	
3.79437904893e-08	0.596761480599	8.879110987311874e-17	1.2556959180072415e-16	
8.2436175721e-09	0.91991330611	0.004965705582379777	0.0022135840092744395	
1.17903387648e-08	1.67775449571	0.03376076769169365	0.005154909065950324	
1.90441080767e-08	1.21973936195	0.011349244115250989	0.0007748373227382054	
3.01497924982e-08	0.761453305429	8.879110987311874e-17	1.2556959180072415e-16	
8.5177769017e-09	0.544545715545	8.879110987311874e-17	1.2556959180072415e-16	
1.1863519948e-08	1.6886178226	0.03742549309272208	0.0074442478807520435	
4.48425702837e-08	1.39084379745	1.9849645578260076e-06	1.406017269254404e-06	
3.32666775405e-08	0.670672695055	8.879110987311874e-17	1.2556959180072415e-16	
2.77742940664e-08	1.92223666713	0.009739110375639763	0.0008473855625565081	
2.61230974e-08	1.741269384	0.0029212348260201793	0.0008841838624818779	
5.88254318546e-08	0.685901482445	8.879110987311874e-17	1.2556959180072415e-16	
5.22582712115e-08	0.795332638971	8.879110987311874e-17	1.2556959180072415e-16	
1.2213963951e-08	1.70898902797	0.02926691370590137	0.009150043542167044	
5.00948194158e-08	1.26088969635	1.9849645578260076e-06	1.406017269254404e-06	
5.98320273708e-08	1.85173783936	1.1063795986525906e-05	5.646275665202799e-06	
3.67714553505e-08	0.825471532244	8.879110987311874e-17	1.2556959180072415e-16	
2.71783541638e-08	0.989843366037	0.001076020829116567	0.0007280023279395908	
4.4005367685e-08	1.32385711953	1.9849645578260076e-06	1.406017269254404e-06	
2.18870702908e-08	0.934310108532	0.0002538461235764182	8.872988355656209e-05	
3.05094223661e-08	1.58480926301	2.0525042425105014e-06	2.9026793365866675e-06	
6.03691836455e-08	1.85835422222	1.1825456142233161e-05	1.2872272229590847e-05	
4.54069126512e-08	0.884749766887	5.977484369228283e-06	8.45343946364747e-06	
3.37724147532e-08	0.96035542954	5.977484369228283e-06	8.453439463647468e-06	
4.29771574433e-08	1.23135930356	5.9548936733004415e-06	4.218051807625065e-06	
5.70501450585e-08	0.811354583724	8.879110987311874e-17	1.2556959180072415e-16	
2.78378737646e-08	1.97557204967	0.01956363070507845	0.002274945277241231	
1.02140461505e-08	1.30117135853	0.029017773089892045	0.008632326246691753	
5.92974419517e-08	1.07512992889	1.4075012665473979e-05	1.3895438052458587e-05	
1.32909225376e-08	1.04055740515	0.011025361537997295	0.00456799812632251	
2.82950593912e-08	1.4830818619	0.0048198852229545935	0.00189326754942474	
6.00496959872e-08	1.82530167644	1.7422110433519026e-05	9.971228508072202e-06	
5.41907722519e-08	1.25747590791	3.969929115563224e-06	1.5468552064353312e-06	
2.54860837726e-08	1.03649053828	2.156491112176991e-05	1.1747806431985254e-06	
5.87587173855e-08	1.87523924705	3.969929115563225e-06	2.8120345384397343e-06	
4.42256386547e-08	1.73951461741	1.917424873141514e-06	2.7116482602398862e-06	
4.77557727426e-08	0.510019134985	8.879110987311874e-17	1.2556959180072415e-16	
1.11000903516e-08	1.36604224969	0.03431495113879119	0.011227978142846288	
1.21436154597e-08	1.37400864152	0.035962368230400686	0.005163081465263131	
2.05133288644e-08	0.618818472176	8.879110987311874e-17	1.2556959180072415e-16	
2.78479219304e-08	1.45177312294	0.004252762101160396	0.0019726623344109746	
2.7162111289e-08	0.649713740517	8.879110987311874e-17	1.2556959180072415e-16	
5.79201736213e-08	0.782000018261	8.879110987311874e-17	1.2556959180072415e-16	
4.7147819024e-08	1.00195752393	2.0525042425105014e-06	2.9026793365866675e-06	
7.1522224291e-09	1.08091181925	0.015002635174470874	0.0016748217992691042	
2.03686256995e-08	0.730598443965	8.879110987311874e-17	1.2556959180072415e-16	
5.40309629096e-08	0.584010180956	8.879110987311874e-17	1.2556959180072415e-16	
7.42778727135e-09	1.60057455298	0.019080304191936643	0.005426516676989243	
3.88532991601e-08	0.807322930476	8.879110987311874e-17	1.2556959180072415e-16	
3.1394457578e-08	0.77407158942	8.879110987311874e-17	1.2556959180072415e-16	
3.09255019496e-08	0.788736480298	8.879110987311874e-17	1.2556959180072415e-16	
1.51076342914e-08	1.27536658023	0.023848394142007595	0.007061241329878356	
9.76181298949e-09	0.731359821023	8.879110987311874e-17	1.2556959180072415e-16	
4.58601894672e-08	1.91016067326	1.1512165749064026e-05	8.338269884538478e-06	
3.00197524835e-08	0.844774030213	8.879110987311874e-17	1.2556959180072415e-16	
1.72552313842e-08	1.97557204967	0.030763361943023242	0.008194319546822027	
2.78378737646e-08	1.9606757329	0.015339596891862478	0.002830710270379447	
2.82950593912e-08	1.08091181925	0.0017308509312399653	0.0005599142482466866	
3.09153948716e-08	0.776314594679	8.879110987311874e-17	1.2556959180072415e-16	
7.1522224291e-09	1.4830818619	0.019923387411280847	0.002834925255974415	
1.17903387648e-08	1.74683511109	0.03363992914145458	0.010434190552949446	
1.1917082783e-08	0.908658654153	0.005381274967949985	0.002087913788707672	
6.11397763823e-08	1.48900293152	5.977484369228283e-06	6.526199840507377e-06	
5.52488074459e-08	1.67775449571	1.9849645578260076e-06	1.406017269254404e-06	
4.30110758825e-08	0.898115295969	1.1954968738367776e-05	1.690687892735772e-05	
5.98320273708e-08	1.37400864152	8.097528296334487e-06	6.199231635153066e-06	
1.21436154597e-08	1.85173783936	0.028243119808467883	0.011479403687289487	
5.07412093107e-08	0.880035065897	1.2022508423052268e-05	1.4878569468485743e-05	
5.52488074459e-08	1.36604224969	2.0525042425105014e-06	2.9026793365866675e-06	
5.29068388143e-08	0.824593959139	8.879110987311874e-17	1.2556959180072415e-16	
7.41763049529e-09	1.1490593382	0.014983990349189564	0.0013012420420200795	
4.97267134521e-08	0.768870276437	8.879110987311874e-17	1.2556959180072415e-16	
3.91306136478e-08	0.835159359467	8.879110987311874e-17	1.2556959180072415e-16	
2.89840243814e-08	1.09370142391	0.0006321229507301376	5.812695865391399e-05	
4.23135976602e-08	1.86683191239	6.9361968057546444e-06	6.203462213796328e-06	
1.72552313842e-08	1.4830818619	0.0296818516129931	0.008176234970816619	
3.73779329203e-08	0.863179859199	5.399602010555549e-06	5.724175692763005e-06	
2.82950593912e-08	1.9606757329	0.016371336040545355	0.003467590404823923	
1.90441080767e-08	1.97557204967	0.018125284784471337	0.0022621049454855414	
2.78378737646e-08	1.21973936195	0.002102214213277115	0.00016522610364986485	
5.08055921908e-08	1.16436647324	6.022433357984935e-06	5.031216042283457e-06	
1.02140461505e-08	0.96035542954	0.01135472128098615	0.004995506939548137	
7.75913520143e-09	1.32519022269	0.021112528531937316	0.0036357413974115746	
1.11000903516e-08	1.74683511109	0.036084759577483354	0.011388239269162298	
3.56949485845e-08	1.71221149331	6.493393816450897e-06	9.18304560105445e-06	
3.72668294092e-08	1.64663582221	3.0112166790368626e-06	2.5156080211972544e-06	
2.38101878053e-08	0.522139622662	8.879110987311874e-17	1.2556959180072415e-16	
4.87653633221e-08	1.17175486804	7.116225163880283e-06	8.115517049910287e-06	
5.96953689793e-08	1.56913175419	1.0838586236544584e-05	7.404971606552477e-06	
5.6405557843e-08	1.92979527232	6.425854131766404e-06	7.150853252067761e-06	
3.40218462297e-08	1.11040823605	1.9849645578260076e-06	1.406017269254404e-06	
7.93700399387e-09	0.870644770761	0.0012103361086779724	0.0001228379998041368	
5.83021308286e-08	1.68317408624	1.3939933296104989e-05	7.76925198975216e-06	
1.21801110049e-08	1.92244420247	0.02519234771618925	0.007740080796285733	
3.37724147532e-08	1.30117135853	4.9961812367740795e-06	2.99819487466588e-06	
5.81613321527e-08	1.39610834021	1.917424873141514e-06	1.3558241300257658e-06	
4.52720802159e-08	0.680963474959	8.879110987311874e-17	1.2556959180072415e-16	
4.07532894611e-08	1.10643149338	4.928641552089586e-06	1.460738336199016e-06	
6.89809817266e-09	0.55595105049	8.879110987311874e-17	1.2556959180072415e-16	
4.25443277173e-08	1.87254633573	6.358314447081911e-06	5.455812721272297e-06	
2.73432839306e-08	1.9606757329	0.013332698252689798	0.003881363575781765	
1.72552313842e-08	1.25747590791	0.027831923909289197	0.0038745524624958015	
5.81234498725e-08	1.23119319937	1.9849645578260076e-06	1.406017269254404e-06	
5.52225936958e-08	1.08246336826	7.962448926965498e-06	9.170139896188584e-06	
5.41907722519e-08	1.23135930356	3.0112166790368626e-06	2.5156080211972544e-06	
3.22373558888e-08	1.52111151515	4.9961812367740795e-06	2.99819487466588e-06	
4.46718656003e-09	1.30117135853	0.005192979971440102	0.0019029832412905722	
6.48293487105e-09	0.583633422008	8.879110987311874e-17	1.2556959180072415e-16	
7.98761424182e-09	0.621384563493	8.879110987311874e-17	1.2556959180072415e-16	
4.46120630756e-08	1.03842739018	2.943676994352369e-06	9.551553820478275e-08	
4.89647162566e-08	1.79557441317	3.0112166790368626e-06	2.5156080211972544e-06	
5.95122356335e-08	1.94992907086	1.917424873141514e-06	2.7116482602398862e-06	
2.77910313855e-08	0.746674988712	8.879110987311874e-17	1.2556959180072415e-16	
4.61209653126e-08	0.835844343883	8.879110987311874e-17	1.2556959180072415e-16	
5.50770466177e-08	1.71126681089	5.977484369228283e-06	6.526199840507377e-06	
4.37691996883e-08	0.597357459469	8.879110987311874e-17	1.2556959180072415e-16	
2.66844008922e-08	1.49349695613	0.00237403754053925	0.001662212412341236	
4.29771574433e-08	1.25747590791	2.8761373096678757e-06	2.3483562794412446e-06	
1.78364794111e-08	1.55566861253	0.02323703810845264	0.006367193094502786	
1.02140461505e-08	0.95615148136	0.00985750645840021	0.0037668807905545548	
1.90441080767e-08	1.26088969635	0.013507434194360715	0.0002650406465248406	
7.1522224291e-09	1.67775449571	0.017538498837824885	0.0060599231303597925	
5.00948194158e-08	1.21973936195	2.943676994352369e-06	2.350297945738035e-06	
4.83079846904e-08	1.32053969709	2.943676994352369e-06	9.551553820478275e-08	
1.17903387648e-08	1.08091181925	0.02488682382673936	0.008558435669301225	
1.32909225376e-08	1.07512992889	0.013843448522360977	0.005176272924215948	
6.03691836455e-08	1.97557204967	3.969929115563225e-06	2.8120345384397343e-06	
4.69745715658e-08	1.68452981033	7.003736490439138e-06	5.694634243260428e-06	
2.33770000371e-08	1.51115959991	0.0010074556821801188	0.00014877438287752174	
2.78378737646e-08	1.85835422222	0.009094319407821662	0.0019762803276674036	
5.32608268792e-08	1.4365687146	6.022433357984935e-06	4.449534542896429e-06	
4.09780085489e-08	1.17688735715	3.902389430878731e-06	1.310679220265866e-06	
5.92974419517e-08	1.04055740515	6.9361968057546444e-06	7.863683655235048e-06	
5.79845807269e-08	0.89140478161	5.018771932701921e-06	7.097615333496134e-06	
1.69985637958e-08	0.865934151116	0.002528337316821547	0.0016156984197612295	
2.73942175709e-08	0.821527497596	5.2223651119014985e-05	5.033101555494361e-05	
4.89538302623e-08	1.54146461048	1.917424873141514e-06	2.7116482602398862e-06	
8.71346322379e-09	0.609326492174	8.879110987311874e-17	1.2556959180072415e-16	
4.03184880077e-08	0.901907593669	5.977484369228283e-06	8.45343946364747e-06	
6.11404826847e-08	1.63857726657	1.2913681174894136e-05	9.206534366627498e-06	
8.000256589e-09	0.50611487098	8.879110987311874e-17	1.2556959180072415e-16	
4.11013779002e-08	1.99341953243	1.917424873141514e-06	2.7116482602398862e-06	
2.78945406818e-08	1.72165755239	0.004145853005024169	0.0008354931929039202	
3.45444292781e-08	1.48342902914	4.9961812367740795e-06	2.99819487466588e-06	
1.13014829733e-08	1.88905723246	0.034397899951632685	0.008623309915193979	
1.73322393258e-08	0.786456120715	0.00042083390339286937	0.0005870270299815092	
3.34631381662e-08	1.47434103818	3.0112166790368626e-06	2.5156080211972544e-06	
2.86838669848e-08	0.782583974775	2.8775169294432984e-06	4.0694234673885425e-06	
5.04595087292e-08	0.642238189879	8.879110987311874e-17	1.2556959180072415e-16	
2.89824336916e-08	1.35097974578	0.0027696087540791787	0.0006795266428648299	
2.39619775664e-08	1.28650851944	0.0004334453055011702	2.482156935854876e-05	
4.76919903252e-08	0.577647812139	8.879110987311874e-17	1.2556959180072415e-16	
3.47876328221e-08	1.31121621705	8.029988611649994e-06	7.439661419934584e-06	
3.75183550474e-08	1.72642569539	7.317026883608273e-06	4.4059688208125035e-06	
1.32684093517e-08	0.524192832656	8.879110987311874e-17	1.2556959180072415e-16	
1.26923706521e-08	1.54682883749	0.03372795932684982	0.0064787421410867655	
2.19686842037e-08	0.576846631695	8.879110987311874e-17	1.2556959180072415e-16	
4.39900007802e-08	1.59456447358	8.879110987311874e-17	1.2556959180072415e-16	
4.39563938446e-08	1.81234738388	7.317026883608273e-06	5.517437419796955e-06	
5.41042080519e-08	0.569045545962	8.879110987311874e-17	1.2556959180072415e-16	
1.7366392711e-08	1.10005957896	0.01967927217185085	0.004495487083502471	
2.10969143424e-08	0.676133651162	8.879110987311874e-17	1.2556959180072415e-16	
2.24054341234e-08	1.92686551688	0.0019353883335080176	0.0002781506723974398	
1.42028408131e-08	1.78601307693	0.015997694540714744	0.006389953612438283	
3.88181058088e-08	0.6917784769	8.879110987311874e-17	1.2556959180072415e-16	
4.96093999388e-08	1.39927005702	7.071276175123631e-06	6.1805816382000584e-06	
5.14771403206e-08	0.794572391991	8.879110987311874e-17	1.2556959180072415e-16	
9.20150826962e-09	0.829581847432	0.00010825690867987971	1.894706769252089e-05	
5.23320641836e-08	1.49612923011	2.8761373096678757e-06	4.067472390391222e-06	
2.79252157882e-08	1.42152495807	0.003598723231670269	0.0017058535338471746	
1.64586815928e-08	0.799952894816	5.5953471027462935e-05	6.168947798178455e-05	
2.43162175081e-08	0.516943482835	8.879110987311874e-17	1.2556959180072415e-16	
3.10838319064e-08	1.18612071334	3.969929115563224e-06	1.5468552064353312e-06	
4.85417436848e-08	0.548280672417	8.879110987311874e-17	1.2556959180072415e-16	
4.86683995128e-08	1.92601993016	1.9849645578260076e-06	1.406017269254404e-06	
8.08538732324e-09	0.571299040972	8.879110987311874e-17	1.2556959180072415e-16	
4.56577515112e-08	1.7076488262	2.943676994352369e-06	2.350297945738035e-06	
1.73703063693e-08	1.19210130643	0.02237461880177734	0.002850080471840551	
5.99682056162e-08	1.27633357874	3.0112166790368626e-06	2.5156080211972544e-06	
5.37261930873e-09	1.48637617905	0.009169310061972054	0.0019480407787862443	
4.31508037628e-08	0.87878141906	1.639585831230817e-05	1.4802167524675626e-05	
1.68949754922e-08	0.642700779927	8.879110987311874e-17	1.2556959180072415e-16	
1.87010893994e-08	1.58002729539	0.020317972167905877	0.0032091929128507204	
2.1185762894e-08	1.40921850078	0.003055273539990428	0.0007204681842336163	
2.20866656153e-08	1.14045383106	0.0013265463496210973	0.00011128791152795653	
4.22199932003e-08	1.14956366691	2.943676994352369e-06	2.350297945738035e-06	
1.46060794966e-08	1.02885119493	0.01252956877953787	0.006650622178419147	
3.11607279581e-08	1.37067872613	7.962448926965498e-06	9.170139896188584e-06	
4.88352407476e-08	1.83507964475	5.977484369228283e-06	6.526199840507377e-06	
4.14339277214e-08	0.87817183165	6.9361968057546444e-06	9.809263593798802e-06	
1.43253704133e-08	1.15044475149	0.010825526128774498	0.0038395876982627256	
5.15185654488e-08	1.01027583048	1.4007472980789485e-05	1.5658635134924968e-05	
1.78364794111e-08	1.74683511109	0.026705642024409264	0.004510942054285844	
4.19012472683e-08	1.4209368603	3.0112166790368626e-06	2.5156080211972544e-06	
4.4872703501e-08	1.01156397938	2.943676994352369e-06	9.551553820478275e-08	
3.67434203771e-08	1.56004426295	3.0112166790368626e-06	2.5156080211972544e-06	
5.07018015245e-08	1.73383491297	1.9849645578260076e-06	1.406017269254404e-06	
1.11000903516e-08	1.85835422222	0.032845979035611	0.009647198195832882	
6.00496959872e-08	1.55566861253	8.988701048176354e-06	6.464512450359725e-06	
1.16343623768e-08	1.67775449571	0.03707330126875325	0.00679055654287445	
1.17903387648e-08	1.89634160277	0.03316480744015928	0.012284043575819031	
1.78364794111e-08	1.82530167644	0.02749288846636842	0.00447760738978205	
5.04881429003e-08	0.714558057118	8.879110987311874e-17	1.2556959180072415e-16	
2.73432839306e-08	1.49349695613	0.0025132438949826206	0.0010433025431050937	
2.78378737646e-08	1.74683511109	0.008397277819476249	0.0035224282390035008	
2.73432839306e-08	1.32519022269	0.002768442117567209	0.00029466986419242726	
7.75913520143e-09	1.9606757329	0.01374174404542044	0.005847860556398266	
2.66844008922e-08	1.9606757329	0.01729541622334784	0.002062017389566592	
1.11000903516e-08	1.55566861253	0.035900725219586795	0.008962619481584798	
7.1522224291e-09	1.97557204967	0.014743088630914674	0.007836843509125651	
1.02140461505e-08	1.4830818619	0.03188801789910179	0.005036243649169578	
2.89840243814e-08	0.96035542954	0.000302431873765173	1.594018270528268e-05	
3.73779329203e-08	1.67775449571	3.0112166790368626e-06	2.5156080211972544e-06	
1.72552313842e-08	0.95615148136	0.00996159482030234	0.004692519180112101	
1.02140461505e-08	1.09370142391	0.025785571859695766	0.008451653055759602	
2.45908362319e-08	1.68317408624	0.0004600917082583579	4.2251068457679554e-05	
1.17903387648e-08	0.863179859199	0.0015394654299960365	0.0005461396212166959	
1.21436154597e-08	1.67775449571	0.03405512309412035	0.009469077743991866	
1.17903387648e-08	1.85173783936	0.03105507534762102	0.010452844780451455	
4.1999308221e-08	0.979217236857	9.587124366151526e-07	1.355824130088551e-06	
4.76641003955e-08	1.58997671672	9.587124366151526e-07	1.355824130088551e-06	
2.33309096843e-08	1.17134776707	0.0005419347699993108	7.141634597328678e-05	
2.18146557104e-08	0.789516101664	9.587124366151526e-07	1.355824130088551e-06	
5.2571546668e-08	1.4095777407	8.879110987311874e-17	1.2556959180072415e-16	
2.6065460038e-08	1.99877281725	0.021441008641894067	0.007081512186837021	
2.03940475063e-08	0.754155134796	8.879110987311874e-17	1.2556959180072415e-16	
3.42923551077e-08	0.654206371913	8.879110987311874e-17	1.2556959180072415e-16	
4.76872068847e-08	1.26101385463	2.943676994352369e-06	9.551553820478275e-08	
4.41194046002e-08	0.748340113912	8.879110987311874e-17	1.2556959180072415e-16	
8.44494977854e-09	1.7286546877	0.02206859022384997	0.0056103726129608225	
3.71652133258e-08	0.546777183238	8.879110987311874e-17	1.2556959180072415e-16	
1.37782277436e-08	0.667621497907	8.879110987311874e-17	1.2556959180072415e-16	
5.43718828006e-08	1.38620566573	2.0525042425105014e-06	2.9026793365866675e-06	
2.52035003121e-08	1.45102625595	0.0002221932179253234	4.248945033721115e-05	
4.33182268297e-08	1.86205218958	6.358314447081911e-06	5.455812721272297e-06	
4.99304154105e-08	0.678560920455	8.879110987311874e-17	1.2556959180072415e-16	
5.26036173816e-08	1.30121584721	1.0262521212996463e-06	1.4513396683561182e-06	
2.16456097513e-08	1.15914381759	0.0017063372545917587	0.0003888176608555515	
5.71629138851e-08	1.00956161977	9.587124366151526e-07	1.355824130088551e-06	
3.5207310575e-08	1.73709035639	1.4769133136496741e-05	1.2751763605219563e-05	
1.26923706521e-08	1.67775449571	0.029520298405244075	0.007049252103345637	
1.16343623768e-08	1.54682883749	0.037529048523306525	0.006213131619289893	
6.38937645321e-09	0.994358138751	0.008470607074839256	0.001675323601354444	
3.94550217029e-08	1.51186812083	1.9849645578260076e-06	1.406017269254404e-06	
2.87573188671e-08	1.23698344601	0.0021266973007748407	0.0004465581394957173	
5.23320641836e-08	1.4830818619	2.943676994352369e-06	9.551553820478275e-08	
1.06533955232e-08	1.51843212409	0.03520729229582836	0.012099696683598442	
4.90691210109e-08	0.86264578621	9.587124366151526e-07	1.355824130088551e-06	
7.75913520143e-09	1.15044475149	0.01907634165627727	0.0015141497383248136	
3.47876328221e-08	1.85173783936	1.917424873141514e-06	1.3558241300257658e-06	
4.8481500858e-08	0.707204893874	8.879110987311874e-17	1.2556959180072415e-16	
6.09496965863e-08	1.65921292343	4.9961812367740795e-06	3.8084051415487073e-06	
2.74195882175e-08	0.979318699643	0.0010036741719825837	0.00043630176654672675	
1.43253704133e-08	1.9606757329	0.019204491113919954	0.006464766887820836	
6.19632811978e-09	0.854991380088	0.0007849746233295135	0.0002105697789838352	
3.56952642147e-08	0.543654612619	8.879110987311874e-17	1.2556959180072415e-16	
5.92606699162e-08	1.94682566996	3.834849746194237e-06	3.587173469825983e-06	
1.91349409689e-08	1.72833694558	0.015321613702140987	0.0013974489700607825	
3.31280057755e-08	1.54770891039	7.9624489269655e-06	7.050342835114745e-06	
1.17903387648e-08	1.67775449571	0.03376076769169365	0.005154909065950324	
6.80591726302e-09	1.82803645048	0.015333383475235905	0.004100309287216877	
5.89046837801e-08	1.87392778184	1.9849645578260076e-06	1.406017269254404e-06	
8.56628704809e-09	1.5681938679	0.022350719469214294	0.003889153539161344	
2.249292209e-08	1.82617535954	0.0017486269513890176	0.00040817725994276216	
7.53857262441e-09	0.678019117734	8.879110987311874e-17	1.2556959180072415e-16	
1.1585081614e-08	0.863796729703	0.0017022302786469797	0.0008073205594100618	
1.7366392711e-08	1.08091181925	0.020296329439683364	0.003992815309898961	
2.17288158233e-08	1.16999863869	0.0017420627562244832	0.00020384663357612064	
2.73568374763e-08	1.18888177992	0.0018725936601051432	0.00043052618541753514	
1.66414652158e-08	1.43885472904	0.03727270078018138	0.008483674933719548	
3.34631381662e-08	1.15150969739	8.853621678807368e-06	8.773563471061431e-06	
5.49931061897e-08	1.09860827129	3.969929115563224e-06	1.5468552064353312e-06	
3.26715819171e-08	1.4726817509	4.0374688002477175e-06	3.8590745699379065e-06	
5.37261930873e-09	1.88905723246	0.006895918728816876	0.0015793380051323462	
1.13014829733e-08	1.10005957896	0.027475637367050238	0.01039513712291857	
3.70591156829e-08	0.914468247279	5.977484369228283e-06	8.45343946364747e-06	
6.6170652287e-09	0.693058751279	8.879110987311874e-17	1.2556959180072415e-16	
7.86214089701e-09	1.22304192985	0.02024781161184479	0.003759679412402576	
1.6125582972e-08	1.77548029651	0.036919932285101126	0.011960412149923362	
6.09718568293e-08	0.643868455235	8.879110987311874e-17	1.2556959180072415e-16	
1.46595172995e-08	0.525455256407	8.879110987311874e-17	1.2556959180072415e-16	
1.30720194752e-08	1.12226661025	0.014784759660100247	0.006060792176979883	
3.55033819843e-08	1.50008899217	5.063720921458573e-06	5.26017138708712e-06	
1.02140461505e-08	1.67775449571	0.028509837841253546	0.008977268577907298	
9.91515297242e-09	0.657991273321	8.879110987311874e-17	1.2556959180072415e-16	
4.22199932003e-08	0.95615148136	7.003736490439138e-06	7.829317567440227e-06	
1.21436154597e-08	1.08091181925	0.024377711065029936	0.010278234482214512	
1.02140461505e-08	1.14956366691	0.02618890864386864	0.008383176059647836	
7.1522224291e-09	0.89140478161	0.0011679105436879823	0.0003758715073530605	
5.79845807269e-08	1.97557204967	2.943676994352369e-06	2.350297945738035e-06	
1.72552313842e-08	1.49612923011	0.03334912434640383	0.007739074741732298	
2.39619775664e-08	1.85173783936	0.0007776957074669766	0.00014552021871877424	
1.21436154597e-08	1.31121621705	0.033405982924984715	0.006856572056768909	
4.54961837664e-08	0.946885843409	9.587124366151526e-07	1.355824130088551e-06	
1.21436154597e-08	1.82530167644	0.0288772961931861	0.007416939864113304	
2.20866656153e-08	1.54682883749	0.0019837753838863647	0.00021326266778062876	
1.78364794111e-08	1.85173783936	0.026646638189633323	0.002914988579198955	
1.17903387648e-08	1.10005957896	0.027523674670896055	0.011369396933422907	
2.73942175709e-08	1.85173783936	0.008502902685383474	0.001581091417104706	
2.38753781968e-08	1.61569674658	0.0006671572839695404	3.367271728993565e-05	
1.26923706521e-08	1.14045383106	0.019872457887714513	0.0063697339117257295	
1.17903387648e-08	0.821527497596	0.00011922583970929557	8.411827137316206e-05	
1.13014829733e-08	1.48637617905	0.03482211592612729	0.01109280000182148	
1.7366392711e-08	1.51948507409	0.031843712054871014	0.0038937567654368566	
1.17903387648e-08	1.28650851944	0.033230988731482225	0.00938710497068389	
2.14490329997e-08	0.993303219145	0.0010655195876427034	0.00017761061778482983	
2.28973852396e-08	0.764193161688	8.879110987311874e-17	1.2556959180072415e-16	
1.21436154597e-08	0.95615148136	0.007999508005509338	0.005924778963083694	
7.1522224291e-09	1.47434103818	0.01897143735244787	0.005614311170343572	
4.25882546145e-08	0.507645834689	8.879110987311874e-17	1.2556959180072415e-16	
1.16343623768e-08	1.89634160277	0.028686991290680582	0.011939421158941957	
5.2158451608e-08	1.04812386142	1.0973665605913571e-05	7.423257532895667e-06	
5.95064784988e-08	1.00292430084	7.003736490439138e-06	7.829317567440227e-06	
1.25700385526e-08	1.78095864816	0.026211762062793895	0.009146305724688532	
1.51838480104e-08	1.53545557698	0.033745266919697585	0.017005424060498212	
5.67600995917e-08	0.792100067151	8.879110987311874e-17	1.2556959180072415e-16	
2.27255370798e-08	1.4791659355	0.0013963938265720277	0.0002134113184012133	
5.62838434078e-08	1.41402490646	6.9361968057546444e-06	7.863683655235048e-06	
1.55148409715e-08	0.662638702857	8.879110987311874e-17	1.2556959180072415e-16	
5.39777385353e-08	1.36343842957	1.0150032538756197e-05	7.178479004734469e-06	
1.3876741466e-08	1.97121793356	0.0162623076714564	0.004912336382872268	
2.72875315439e-08	0.520612040657	8.879110987311874e-17	1.2556959180072415e-16	
2.12969422459e-08	1.13320834598	0.0015869387138384332	0.00024364792256700442	
4.53707381856e-08	0.816594530374	8.879110987311874e-17	1.2556959180072415e-16	
6.13457763184e-08	1.70321470992	9.947413484702715e-06	5.6486988362144055e-06	
3.58223633918e-08	1.44549190777	4.9961812367740795e-06	2.9981948746658803e-06	
6.56107960886e-09	0.870809405755	0.0011386798808117314	0.00025457222483485234	
1.52622588746e-08	1.07456189194	0.019498777854505826	0.005287970028347724	
9.83803916194e-09	1.81817381177	0.024751452730117158	0.005126708808432781	
3.91840069573e-08	1.41834799388	4.0374688002477175e-06	3.8590745699379065e-06	
5.11626485412e-08	1.66716781743	1.9849645578260076e-06	1.406017269254404e-06	
1.52466867774e-08	1.44105775116	0.025154855391413416	0.011036030622857497	
3.61045580621e-08	1.16130197127	2.8761373096678757e-06	2.3483562794412446e-06	
9.63831470756e-09	0.6978349606	8.879110987311874e-17	1.2556959180072415e-16	
1.89495782906e-08	0.963129112983	0.0034508739673762023	0.0012978482852554801	
2.98368487128e-08	1.45267778836	2.0525042425105014e-06	2.9026793365866675e-06	
3.87789441496e-08	0.899688897238	1.0996256301841414e-05	1.555105479720639e-05	
1.8206506867e-08	0.521254048068	8.879110987311874e-17	1.2556959180072415e-16	
5.57756881964e-08	1.88208481526	1.0485913627853173e-05	7.434967751877315e-06	
4.05219396311e-08	0.94270519508	5.018771932701921e-06	7.097615333496134e-06	
2.63641531703e-08	1.93764679607	0.017377639704816265	0.002015380883697038	
1.97953257521e-08	1.40589166851	0.008959423201238137	0.0010589668272096466	
2.96506449519e-08	1.59151445248	1.9849645578260076e-06	1.406017269254404e-06	
7.75913520143e-09	1.82530167644	0.01553840394250474	0.005618639703707717	
3.84578011808e-08	1.15501639318	5.977484369228283e-06	8.45343946364747e-06	
1.01585822926e-08	0.862167892478	0.000984298511599793	0.00025535583144215354	
5.03058096691e-08	0.729960490315	8.879110987311874e-17	1.2556959180072415e-16	
1.68825001969e-08	1.91486314469	0.031701649275676154	0.008112145736115442	
3.53857720114e-08	0.995151886818	2.943676994352369e-06	9.551553820478273e-08	
4.65424299645e-09	0.734731094688	8.879110987311874e-17	1.2556959180072415e-16	
6.00594820359e-09	0.937404731696	0.001964703097260266	0.0007024732939026408	
1.50051681635e-08	0.567502192949	8.879110987311874e-17	1.2556959180072415e-16	
5.2709390462e-08	1.65051706151	9.587124366151526e-07	1.355824130088551e-06	
5.33106748553e-08	1.12873841742	4.9961812367740795e-06	3.8084051415487073e-06	
1.16399657599e-08	1.32863651119	0.03317306833126118	0.00881077262757054	
2.47246386761e-08	1.81424064733	0.00046834987677257193	1.8692498457795025e-05	
3.81938429438e-08	0.753856526781	8.879110987311874e-17	1.2556959180072415e-16	
4.99042482284e-08	1.60557312433	7.962448926965498e-06	7.050342835114745e-06	
1.30720194752e-08	1.85173783936	0.021636664210625444	0.0064643410508369225	
1.7366392711e-08	1.43885472904	0.032902860386414316	0.009401696015066201	
4.79348444179e-08	0.812573557923	8.879110987311874e-17	1.2556959180072415e-16	
1.23974206212e-08	0.740175026142	8.879110987311874e-17	1.2556959180072415e-16	
4.39287853169e-08	1.32918081405	1.9849645578260076e-06	1.406017269254404e-06	
1.1958863049e-08	1.77792524584	0.03171950330379985	0.010535063692194261	
3.4206647086e-08	0.729294924094	8.879110987311874e-17	1.2556959180072415e-16	
4.43028113948e-08	1.88648829138	1.917424873141514e-06	2.7116482602398862e-06	
1.45453551859e-08	1.52943003279	0.020442540655418163	0.007986365530859784	
5.44231007484e-09	0.898176535225	0.0007949901702134879	0.00012125288719869454	
1.16343623768e-08	1.15150969739	0.029047426059468404	0.01050286980721176	
3.34631381662e-08	1.89634160277	9.587124366151526e-07	1.355824130088551e-06	
2.32180608898e-08	1.34650674445	0.0009507007901141884	0.0002665904698750224	
3.6759923819e-08	0.720421789157	8.879110987311874e-17	1.2556959180072415e-16	
2.59228557883e-08	1.84484406679	0.006168151495036277	0.003067878135221158	
3.77833798657e-08	0.671172851846	8.879110987311874e-17	1.2556959180072415e-16	
3.80724536252e-08	1.01466010357	6.9361968057546444e-06	7.863683655235048e-06	
6.38937645321e-09	1.15150969739	0.00799833448873717	0.002144299305200266	
1.31446764569e-08	0.719205981844	8.879110987311874e-17	1.2556959180072415e-16	
5.49931061897e-08	1.10005957896	4.9961812367740795e-06	2.99819487466588e-06	
6.38937645321e-09	1.67775449571	0.014107100869866038	0.003416987206421973	
1.7366392711e-08	0.946885843409	0.008536261701035686	0.0017192183683606564	
1.17903387648e-08	1.09860827129	0.02734862832993425	0.011064507877837592	
4.54961837664e-08	1.10005957896	9.947413484702716e-06	7.795970301993452e-06	
7.1522224291e-09	0.821527497596	0.0001301089171261998	1.3589824856835286e-05	
1.71315976584e-08	1.66005919737	0.031798963774735185	0.006871260218231032	
3.34631381662e-08	0.994358138751	3.969929115563225e-06	1.5468552064353312e-06	
1.78364794111e-08	1.12226661025	0.018772275118286833	0.0013604032514009982	
8.44481237549e-09	1.41235738238	0.025144294149730583	0.0017998653166872178	
1.66414652158e-08	1.51948507409	0.03515999961699643	0.010477914485686518	
1.21436154597e-08	1.49612923011	0.037426090972799635	0.007269935967063981	
5.44393657014e-08	1.47544088712	4.0374688002477175e-06	3.8590745699379065e-06	
1.17903387648e-08	1.47434103818	0.039036256121799645	0.004548404651004062	
1.72552313842e-08	1.99877281725	0.03465183141274428	0.009559460998195091	
1.869953299e-08	0.913560714062	0.0020278255247398757	0.0011787338697010112	
1.78364794111e-08	1.15044475149	0.01807495428469605	0.0026187265474960026	
1.78364794111e-08	0.994358138751	0.012968808000642297	0.004646193302047384	
4.95597495355e-08	1.99972683327	1.2335798816221403e-05	5.021262866371234e-06	
1.72552313842e-08	1.31121621705	0.033475641533887296	0.0024902431578824333	
4.03164814674e-08	1.37035423357	9.056240732860849e-06	7.322000012281965e-06	
2.2033687613e-08	0.908417392339	0.00023657116666209654	5.921177760094871e-05	
6.16389554377e-08	0.664189962877	8.879110987311874e-17	1.2556959180072415e-16	
3.51517183015e-08	1.64912786002	1.9849645578260076e-06	1.406017269254404e-06	
1.20191746884e-08	1.19984761005	0.03353242107833694	0.010302380850655468	
5.32948309456e-08	0.672026566118	8.879110987311874e-17	1.2556959180072415e-16	
2.06959531958e-08	0.661062501648	8.879110987311874e-17	1.2556959180072415e-16	
6.05079967034e-08	1.22594267319	1.1444626064379534e-05	8.116674648151295e-06	
3.55072448789e-08	1.85316404399	5.399602010555549e-06	5.724175692763005e-06	
2.62671996154e-08	0.952067677157	0.0002485288396892807	0.00012804066773082365	
4.34975137452e-08	0.830180909514	8.879110987311874e-17	1.2556959180072415e-16	
3.62801112261e-08	1.09152939518	1.9849645578260076e-06	1.406017269254404e-06	
6.04552492036e-08	1.27988897935	8.029988611649994e-06	5.145795141273035e-06	
2.21499437497e-08	1.38744346904	0.0017360199281328953	0.0004075111520610589	
1.16161709631e-08	0.888977416123	0.0038195022267237103	0.0009103805365979231	
5.26534257512e-08	1.61286389864	3.0112166790368626e-06	2.5156080211972544e-06	
2.6065460038e-08	1.49612923011	0.0014085071388033226	0.0009658329060781919	
1.75667365812e-08	1.77048603442	0.02684573613323972	0.0067666193042663835	
6.38937645321e-09	1.74683511109	0.013898304433405532	0.003045461715111594	
1.41894917672e-08	1.19222907581	0.0136352750625362	0.004596350482779679	
5.63485999165e-08	1.65549679874	1.503372510200034e-05	1.2958922731782255e-05	
5.64394962175e-08	0.57575684763	8.879110987311874e-17	1.2556959180072415e-16	
5.03627020882e-08	0.939926897524	5.977484369228283e-06	6.526199840507377e-06	
8.25849481885e-09	1.64207391809	0.02173186616356103	0.0019350450775083286	
2.13503836559e-08	1.92562198353	0.003989123084948515	0.00045502353603894515	
5.8303274116e-08	0.835410861714	4.440889574029188e-06	6.280366264593354e-06	
3.20126960155e-08	1.06255352005	1.917424873141514e-06	1.3558241300257658e-06	
4.27751315936e-08	1.9994399017	1.1444626064379534e-05	6.083671008250533e-06	
9.96963752644e-09	1.86450536508	0.02277889596000666	0.0018798415969852125	
3.65661904528e-08	1.45938907528	4.0374688002477175e-06	3.8590745699379065e-06	
2.17476792544e-08	0.689822385544	8.879110987311874e-17	1.2556959180072415e-16	
2.32868508846e-08	1.79779581781	0.0012039837235662866	0.0003896379104753062	
4.97689322515e-08	1.61127871714	7.003736490439138e-06	5.694634243260428e-06	
3.84423555989e-08	1.69318036113	1.9849645578260076e-06	1.406017269254404e-06	
2.17848332946e-08	0.769683254844	8.879110987311874e-17	1.2556959180072415e-16	
2.58855244924e-08	0.969525452964	8.15788892761506e-05	6.747561092085338e-05	
1.61381328532e-08	1.57853424193	0.030819212968148536	0.009965677123437863	
4.88890460149e-08	0.646537170666	8.879110987311874e-17	1.2556959180072415e-16	
1.2358779773e-08	1.62781303732	0.03510062013277885	0.007634323929487966	
1.54628560544e-08	0.682072466319	8.879110987311874e-17	1.2556959180072415e-16	
3.88908591672e-08	1.23195691707	9.587124366151526e-07	1.355824130088551e-06	
5.89558847066e-08	1.19056582181	4.9961812367740795e-06	3.8084051415487073e-06	
6.09195467768e-09	0.937182611632	0.002137468577164107	0.0010993940202124201	
2.03879104771e-08	1.3299114349	0.005273843975113316	0.0008372091225395133	
8.54762770731e-09	1.86853791897	0.01907941202355418	0.004285513966914976	
4.2896080613e-08	1.66608390117	8.029988611649994e-06	5.145795141273035e-06	
4.37986677273e-08	0.621772545803	8.879110987311874e-17	1.2556959180072415e-16	
5.31753078451e-08	0.715649482085	8.879110987311874e-17	1.2556959180072415e-16	
1.3873545749e-08	1.08530184133	0.009696177694616614	0.00338443584723106	
2.78418329967e-08	1.29806295341	0.002532349154746064	0.0001350845361786043	
5.19391170077e-08	1.58972878551	9.587124366151526e-07	1.355824130088551e-06	
4.61557039722e-08	1.28428120074	1.9849645578260076e-06	1.406017269254404e-06	
1.69264892366e-08	1.00255682599	0.01574247856185329	0.006023973684493582	
2.82643438711e-08	1.46679695287	0.003843257585701953	0.001368053193874523	
4.72327257449e-08	0.64325258041	8.879110987311874e-17	1.2556959180072415e-16	
4.05481451776e-08	0.677640526399	8.879110987311874e-17	1.2556959180072415e-16	
1.05217016036e-08	0.695403970716	8.879110987311874e-17	1.2556959180072415e-16	
2.98863942023e-08	1.16906247949	7.894909242281006e-06	7.4760230495545255e-06	
3.91470212013e-08	1.62588718279	3.969929115563225e-06	2.8120345384397343e-06	
4.68401191563e-08	0.904744100462	5.018771932701921e-06	7.097615333496134e-06	
3.46218221044e-08	1.76430100618	8.41081868950362e-06	8.171913678586466e-06	
5.33106748553e-08	1.67775449571	8.988701048176354e-06	6.464512450359725e-06	
2.62671996154e-08	0.593262191801	8.879110987311874e-17	1.2556959180072415e-16	
1.02140461505e-08	1.12873841742	0.02717136326505092	0.009487803396801253	
1.72552313842e-08	1.12226661025	0.020935703110711034	0.004572631191907148	
1.06533955232e-08	0.952067677157	0.010614898884908408	0.006723956789047703	
1.78364794111e-08	1.99877281725	0.02769441405300181	0.008771162819709761	
2.32180608898e-08	1.77792524584	0.0011519357174600772	0.000268066466858879	
1.1958863049e-08	1.34650674445	0.03193084347839297	0.003731010840647169	
1.85386766994e-08	1.85316404399	0.02106075577667434	0.0036491095917840634	
1.72552313842e-08	1.74683511109	0.032602509429590275	0.005778202254959208	
3.55072448789e-08	1.99877281725	1.917424873141514e-06	2.7116482602398862e-06	
1.61509357921e-08	1.53538306831	0.03170671184588041	0.013364836535937508	
2.78378737646e-08	1.31121621705	0.002573167079170942	0.00027133195480399014	
1.16399657599e-08	1.43885472904	0.04245568867879587	0.009728764586181337	
1.66414652158e-08	1.32863651119	0.03167557589531306	0.007775204456646953	
1.1958863049e-08	1.49612923011	0.035640107404215006	0.005204502437385106	
5.07141179051e-08	0.87402297319	5.018771932701921e-06	7.097615333496134e-06	
1.21436154597e-08	1.77792524584	0.029838932703685372	0.014193650095849542	
6.00594820359e-09	1.67775449571	0.012918688239228671	0.0029042287668775623	
3.12721923834e-08	1.63461277446	2.943676994352369e-06	2.350297945738035e-06	
1.25700385526e-08	1.40589166851	0.03409983587097807	0.004638316318625452	
1.06533955232e-08	1.77792524584	0.028864689284728226	0.010680576372732098	
1.1958863049e-08	1.51843212409	0.03725916764748167	0.007860400001640679	
1.25700385526e-08	1.51948507409	0.03376170371284344	0.004891549959635173	
1.97953257521e-08	1.78095864816	0.009553718756613285	0.0012681648707152696	
1.66414652158e-08	1.78095864816	0.03242773848799934	0.009948774958378799	
1.17903387648e-08	0.937404731696	0.009092997275525141	0.007410757570702468	
1.33951813329e-08	0.616785174782	8.879110987311874e-17	1.2556959180072415e-16	
1.13014829733e-08	1.40589166851	0.034489698866265094	0.003538115261328485	
1.97953257521e-08	1.48637617905	0.009281320947167609	0.0007828185796468818	
1.70479646109e-08	1.72895619152	0.03260101059617712	0.005403212325607851	
3.47223468306e-08	1.75725096179	8.478358374188114e-06	1.0025470211918437e-05	
2.59228557883e-08	1.36343842957	0.0010871586506387128	0.0007913330686803793	
5.39777385353e-08	1.84484406679	6.045024053912777e-06	6.494727059067841e-06	
5.75759764566e-08	0.717644762887	8.879110987311874e-17	1.2556959180072415e-16	
4.01874141693e-08	1.00182288975	6.936196805754645e-06	7.86368365523505e-06	
4.50441005852e-08	1.95969074089	7.9624489269655e-06	5.133493635044441e-06	
3.06362089625e-08	1.55637922247	3.0112166790368626e-06	2.5156080211972544e-06	
2.10251118695e-08	1.3563003956	0.0029318289385817826	0.0005851177218114628	
2.48437704167e-08	0.697504753268	8.879110987311874e-17	1.2556959180072415e-16	
2.68015011381e-08	1.72556650557	0.007864719051822918	0.0011348906086532872	
4.69522070821e-08	1.39054904734	6.045024053912777e-06	6.494727059067841e-06	
1.93721822911e-08	1.92248179845	0.015574133394003264	0.003680754427306308	
9.52157037146e-09	0.723793926725	8.879110987311874e-17	1.2556959180072415e-16	
5.55122676768e-09	0.664983152588	8.879110987311874e-17	1.2556959180072415e-16	
1.82978255712e-08	0.654205287455	8.879110987311874e-17	1.2556959180072415e-16	
1.2271462825e-08	1.63809047403	0.03407931032174876	0.008299902991234268	
4.85874149998e-08	0.894531280409	1.2913681174894138e-05	1.826270305750906e-05	
1.60842031658e-08	1.81204395898	0.04104701154419745	0.005739952698671298	
1.65612175486e-08	0.803426979642	0.0007491896675904524	0.0009584829611762251	
7.90958734611e-09	1.52231025181	0.02292098544030935	0.0031371106786151196	
5.04869762402e-08	0.6897228414	8.879110987311874e-17	1.2556959180072415e-16	
5.21583824717e-08	1.16692802406	6.022433357984935e-06	5.031216042283457e-06	
1.21711440176e-08	0.871207555264	0.0014559527382577832	0.00022982747039996485	
7.39224900093e-09	1.1245225742	0.016507272415742878	0.0011843810967940216	
4.53098570161e-08	1.89170123692	9.587124366151526e-07	1.355824130088551e-06	
2.12269561245e-08	1.64275955245	0.0030454460974150936	0.0008779924293173676	
4.17492701292e-08	1.86919285935	1.917424873141514e-06	2.7116482602398862e-06	
4.34692964484e-08	1.51151994819	3.0112166790368626e-06	2.5156080211972544e-06	
6.18872053076e-08	1.31459019825	8.029988611649994e-06	5.145795141273035e-06	
1.2197433224e-08	1.99771459172	0.026059712371607546	0.012545550467357041	
2.11776354445e-08	1.70349959394	0.003821853956246133	0.0005868534464181566	
7.33828634111e-09	0.558416481715	8.879110987311874e-17	1.2556959180072415e-16	
5.53169275944e-08	1.36411066789	3.0787563637213564e-06	4.354019004817216e-06	
1.61934163232e-08	1.08979398159	0.02410829806404528	0.00986152114750267	
2.99112042011e-08	1.01609851254	3.902389430878731e-06	1.310679220265866e-06	
7.72601324958e-09	1.5326145122	0.021473004615808134	0.00230202500054291	
1.5884179007e-08	0.523163365975	8.879110987311874e-17	1.2556959180072415e-16	
4.90467610962e-08	1.40251423243	1.9849645578260076e-06	1.406017269254404e-06	
5.93567765783e-08	1.25627044955	5.467141695240042e-06	7.731705932823903e-06	
1.93183306891e-08	1.94663424428	0.017121206998092015	0.0023027722102886687	
2.28934823345e-08	0.586278746573	8.879110987311874e-17	1.2556959180072415e-16	
3.71308394813e-08	1.47503167349	4.0374688002477175e-06	3.8590745699379065e-06	
1.67175657519e-08	1.35595334573	0.02968167424206883	0.004983029716529265	
5.26333968719e-08	0.932486094294	5.018771932701921e-06	7.097615333496134e-06	
2.89782881355e-08	0.523031583283	8.879110987311874e-17	1.2556959180072415e-16	
5.44214214957e-08	1.11944730599	4.0374688002477175e-06	3.8590745699379065e-06	
1.01372042137e-08	1.40869424966	0.02801051641754483	0.002720312961254037	
4.31705687635e-08	0.574791792325	8.879110987311874e-17	1.2556959180072415e-16	
1.30098259475e-08	0.566763403575	8.879110987311874e-17	1.2556959180072415e-16	
1.66414652158e-08	1.78095864816	0.03242773848799934	0.009948774958378799	
2.24613763329e-08	0.899372286236	0.00012343988627675347	1.523910471227085e-05	
1.25700385526e-08	0.937404731696	0.005540114590663579	0.0034361174643514174	
8.25849481885e-09	1.00255682599	0.01568213591197262	0.0018516907278000024	
1.16343623768e-08	1.64207391809	0.03884251008360606	0.009670876741300169	
1.66414652158e-08	1.51948507409	0.03515999961699643	0.010477914485686518	
2.59228557883e-08	1.53538306831	0.0009671746765586545	0.0012022634555782959	
4.53508339205e-08	1.50035225978	2.943676994352369e-06	9.551553820478275e-08	
8.25849481885e-09	1.12226661025	0.02111172317421438	0.002363041633964472	
1.66414652158e-08	1.15150969739	0.021637356108768258	0.007914064086943975	
1.69264892366e-08	1.64207391809	0.03623996738352281	0.0018679667235056432	
1.16343623768e-08	1.51948507409	0.038290467352913395	0.006408674856788856	
1.72552313842e-08	1.64207391809	0.03326577540900435	0.008325424618717587	
1.85386766994e-08	1.66005919737	0.02108836404859377	0.0033065172289995404	
1.71315976584e-08	1.85316404399	0.03621349877033094	0.005785181569174383	
1.17903387648e-08	1.78095864816	0.034783508162438324	0.011174924640019202	
1.61509357921e-08	1.36343842957	0.025814040737705723	0.01069052572703929	
1.85386766994e-08	1.13371220482	0.012162292583645935	0.001919483307450511	
8.25849481885e-09	1.15150969739	0.019459942841440692	0.004384008737425119	
3.47223468306e-08	1.85316404399	9.587124366151526e-07	1.355824130088551e-06	
2.32868508846e-08	1.78095864816	0.0011837650283020272	0.0003561229019220112	
1.25700385526e-08	1.79779581781	0.026258245206035535	0.008630065810143273	
1.06533955232e-08	1.15150969739	0.03499736550030751	0.015438335119563834	
1.16343623768e-08	1.77792524584	0.032355463296880875	0.009566616751151641	
1.72552313842e-08	1.14956366691	0.024445766826051766	0.0031497768990242786	
1.02140461505e-08	1.74683511109	0.027176086089611168	0.0116893168111619	
1.16161709631e-08	1.77792524584	0.03114578353834757	0.0067941576262739375	
2.32180608898e-08	0.888977416123	3.23061232106451e-05	9.064997959617592e-06	
2.55288356836e-08	1.40869133311	0.0006444052674434914	0.0007493349229408133	
1.13014829733e-08	1.33599456194	0.02800829058826403	0.009485796090600324	
6.31809468547e-09	1.59738581569	0.013156025979027318	0.0029072530963414373	
5.77054027863e-08	1.28305900048	1.2538417870274882e-05	9.380166178085874e-06	
6.10392859832e-08	1.67908873976	1.4075012665473979e-05	3.6173766727959352e-06	
3.14288595391e-08	1.29911818489	4.9961812367740795e-06	2.99819487466588e-06	
4.65369541298e-08	0.646741070988	8.879110987311874e-17	1.2556959180072415e-16	
4.06962458759e-08	1.35916233376	3.0112166790368626e-06	2.5156080211972544e-06	
4.01635116602e-08	1.64026520852	1.9849645578260076e-06	1.406017269254404e-06	
5.76582503654e-08	0.979989648226	1.917424873141514e-06	1.3558241300257658e-06	
2.10720946543e-08	1.22025411279	0.002506022280478579	0.0005243529364671385	
1.71061076496e-08	0.992120266057	0.015229884118520429	0.004845921974131447	
4.45362983457e-08	1.62543359727	8.988701048176354e-06	6.464512450359725e-06	
4.88751337098e-08	1.72122289186	7.962448926965498e-06	9.170139896188584e-06	
5.86318815965e-08	1.64214163698	3.969929115563225e-06	2.8120345384397343e-06	
1.82261168589e-08	1.47149452117	0.0257252469103836	0.005701946360049155	
1.83239844717e-08	1.04167182137	0.0123343391435477	0.0042744961359225935	
4.15779453787e-08	1.53919678245	3.0787563637213564e-06	4.354019004817216e-06	
5.85606404949e-08	0.88603940312	1.505631579792818e-05	2.1292846000613966e-05	
9.38795641412e-09	0.533202553234	8.879110987311874e-17	1.2556959180072415e-16	
2.36661177115e-08	1.26366439192	0.0005470571956566528	7.9575719531633e-05	
4.51209719748e-09	1.90954409812	0.005748642508109314	0.001298656036736749	
5.55409979249e-08	0.622990903207	8.879110987311874e-17	1.2556959180072415e-16	
5.25545511818e-08	1.91443444769	9.587124366151526e-07	1.355824130088551e-06	
7.29234764555e-09	1.83787979127	0.01777633401979633	0.005757094550024674	
5.4431997379e-08	1.07536713236	1.917424873141514e-06	2.7116482602398862e-06	
2.00285151806e-08	1.08324895579	0.0024921088255939433	0.0006961556142763548	
4.79931505019e-08	1.64887769366	6.936196805754645e-06	7.86368365523505e-06	
4.99950306143e-08	1.53395861405	1.9849645578260076e-06	1.406017269254404e-06	
2.12711174591e-08	0.792453684086	3.837609874107958e-06	5.427199930872026e-06	
2.86291895668e-08	1.11218074398	0.0011355744925360869	0.0002682223186944224	
5.20194377991e-08	1.67041780594	1.9849645578260076e-06	1.406017269254404e-06	
6.07821086236e-08	1.8152741445	8.478358374188114e-06	1.0025470211918437e-05	
2.56472597632e-08	0.70400762126	8.879110987311874e-17	1.2556959180072415e-16	
2.16088306974e-08	1.66429566205	0.002639229079828134	0.00043143456805323256	
2.49936762552e-08	0.66191297447	8.879110987311874e-17	1.2556959180072415e-16	
4.95838480494e-08	1.19399885015	1.0973665605913571e-05	7.423257532895667e-06	
1.19839458832e-08	0.517636892482	8.879110987311874e-17	1.2556959180072415e-16	
7.9375421729e-09	1.63814012527	0.019257334574919897	0.002329586778737977	
5.73775706754e-08	1.73235666692	1.2022508423052268e-05	1.279191622134574e-05	
1.99355040806e-08	1.2832576706	0.00751790305635758	0.0005374073778115009	
5.01175060548e-08	0.889448473821	1.0996256301841414e-05	1.555105479720639e-05	
4.85150980304e-09	0.978478877447	0.002609478442301609	0.0007252717524016871	
4.42079036669e-08	1.41439066235	3.0112166790368626e-06	2.5156080211972544e-06	
2.70916378776e-08	1.66672884712	0.006711632712473241	0.004203094942651939	
4.26849836339e-08	1.49560622915	4.0374688002477175e-06	3.8590745699379065e-06	
3.07802337924e-08	0.81876873517	8.879110987311874e-17	1.2556959180072415e-16	
1.66414652158e-08	1.63809047403	0.036524624691213946	0.0048870164586775	
1.2197433224e-08	1.94663424428	0.025003321521164232	0.005147328817259268	
1.25700385526e-08	0.803426979642	9.587124366151526e-07	1.355824130088551e-06	
1.65612175486e-08	0.937404731696	0.010337862094323195	0.004568304981459117	
2.66076830228e-08	0.881537847012	0.0008031647082684055	0.00017049959250083356	
8.90635560589e-09	1.01483929897	0.01705466325767767	0.0025622018086107323	
1.2271462825e-08	1.78095864816	0.03134307477429241	0.011165183606125461	
1.16343623768e-08	1.64207391809	0.038842510083606056	0.009670876741300169	
1.16343623768e-08	1.77792524584	0.032355463296880875	0.009566616751151641	
1.25700385526e-08	1.08530184133	0.019038200900999277	0.007760721188647777	
1.25700385526e-08	0.894531280409	0.0029289378657857863	0.0014533287804733219	
1.06533955232e-08	1.25456723572	0.031228142072664635	0.01206051999020209	
4.85874149998e-08	1.79779581781	1.917424873141514e-06	2.7116482602398862e-06	
1.1958863049e-08	1.35595334573	0.028106000073011405	0.004751563549468749	
1.93183306891e-08	1.99771459172	0.01257275903065932	0.004040010882763714	
2.12269561245e-08	1.40869424966	0.002956059825700513	0.00035606155784239756	
1.17903387648e-08	1.12226661025	0.030596040298361563	0.012879208932460369	
1.3873545749e-08	1.79779581781	0.017573447421430383	0.004933422226545597	
1.01372042137e-08	1.77792524584	0.025417522052460877	0.008523688042588018	
1.06533955232e-08	1.74683511109	0.02798702376173996	0.00872556735199612	
1.02140461505e-08	1.77792524584	0.023900389278297057	0.012559140105777883	
3.97380595961e-08	1.64275955245	1.9849645578260076e-06	1.406017269254404e-06	
1.67175657519e-08	1.77792524584	0.03557249530290169	0.005388078830609749	
2.99112042011e-08	1.08979398159	3.902389430878731e-06	1.310679220265866e-06	
8.25849481885e-09	1.78095864816	0.018538324199664127	0.0028209298454469275	
1.2271462825e-08	0.894531280409	0.0028317662119319124	0.0016726792929680804	
1.06533955232e-08	1.40869424966	0.03249935627513396	0.00899062792342817	
4.85874149998e-08	1.63809047403	6.936196805754645e-06	7.86368365523505e-06	
3.7843576083e-08	1.33966853666	3.0112166790368626e-06	2.5156080211972544e-06	
1.25700385526e-08	1.94663424428	0.023310111238635	0.011557731544236812	
1.86174651911e-08	1.3132087875	0.020535879342015912	0.0028648679874458322	
4.87203046753e-08	1.82935312235	1.0262521212996463e-06	1.4513396683561182e-06	
1.72655152547e-08	1.00118782328	0.015294570492425079	0.006173322008912285	
1.93183306891e-08	0.937404731696	0.0016052640103111301	0.0005961803584470898	
3.68471360838e-08	0.606065651406	8.879110987311874e-17	1.2556959180072415e-16	
3.73291377185e-08	1.99712660732	6.936196805754645e-06	6.203462213796328e-06	
4.50088423279e-08	1.23936823694	2.8761373096678757e-06	2.3483562794412446e-06	
1.24083190583e-08	1.7906430834	0.026226407002570357	0.0105687572915132	
4.22391435138e-08	0.856122140606	1.917424873141514e-06	2.7116482602398862e-06	
1.61934163232e-08	1.01609851254	0.016351387433444557	0.005789566729791891	
6.00739613324e-08	1.26330023673	2.0525042425105014e-06	2.9026793365866675e-06	
2.17188938749e-08	1.37600576408	0.0023255462264877972	0.00044963231861560953	
4.45948919265e-08	1.02835509659	8.92116136349186e-06	8.406088695974758e-06	
5.23832398266e-09	0.686210300723	8.879110987311874e-17	1.2556959180072415e-16	
6.00305059901e-08	1.73986327553	2.1078749155824324e-05	1.9453544526907666e-05	
4.5996991758e-08	1.44551941199	6.022433357984935e-06	5.031216042283457e-06	
4.66765227152e-08	1.9149621433	3.902389430878731e-06	1.310679220265866e-06	
2.35477059062e-08	1.74935561911	0.0010886797812542964	0.0002943947176503318	
5.12817272911e-08	1.01409620698	2.943676994352369e-06	2.350297945738035e-06	
4.63989368879e-08	0.824047512083	8.879110987311874e-17	1.2556959180072415e-16	
8.36988212482e-09	1.25768700505	0.02220179324875687	0.004721936722614992	
4.70823437485e-09	1.79310629366	0.006402851460451952	0.0007376446521155712	
1.50422963161e-08	1.06244685234	0.014411675064041361	0.006114266885999111	
3.15055703357e-08	1.91905348359	3.834849746194237e-06	5.423296520542558e-06	
3.41127893999e-08	1.65897584522	3.902389430878731e-06	1.310679220265866e-06	
2.52670256933e-08	0.62423164235	8.879110987311874e-17	1.2556959180072415e-16	
4.9726776181e-08	1.39061492698	7.003736490439138e-06	7.829317567440229e-06	
4.49236734145e-08	1.35822167784	2.0525042425105014e-06	2.9026793365866675e-06	
4.40320493172e-08	1.3994811877	1.9849645578260076e-06	1.406017269254404e-06	
1.88968911726e-08	0.964006788768	0.004312961953479981	0.0016839983011107914	
3.7222619653e-08	0.546511098795	8.879110987311874e-17	1.2556959180072415e-16	
2.07636659276e-08	1.26737033094	0.0032244173261721343	0.0003415216171133369	
3.82485542997e-08	1.67160155484	3.969929115563225e-06	1.5468552064353312e-06	
4.37714858232e-08	1.13501719441	4.928641552089586e-06	1.460738336199016e-06	
1.17419778736e-08	1.07393108208	0.024305133249810568	0.00827772090442768	
1.85220931931e-08	1.65749317409	0.02149068337338586	0.002479062353316314	
3.38338252152e-08	1.76980528426	1.1892995826917654e-05	1.4832049711787343e-05	
7.1753795321e-09	1.62770059845	0.018014696452036016	0.006028120191238918	
9.82397958154e-09	1.35370764566	0.028105589338476362	0.005989822883339151	
2.25790708045e-08	0.783783862452	8.879110987311874e-17	1.2556959180072415e-16	
1.46861662458e-08	1.41272971872	0.020729065304536543	0.008382065951384719	
5.86362016047e-09	1.49376164455	0.0116757865646992	0.004389614677909591	
1.92476824932e-08	0.544498589617	8.879110987311874e-17	1.2556959180072415e-16	
4.96396559468e-08	0.994046218816	3.969929115563224e-06	1.5468552064353312e-06	
4.7894068108e-08	1.89535270937	5.399602010555549e-06	5.724175692763005e-06	
6.03756084005e-08	0.908305020346	8.879110987311874e-17	1.2556959180072415e-16	
5.14446058718e-08	1.48808663224	3.969929115563224e-06	1.5468552064353312e-06	
1.67489159884e-08	1.41704384827	0.033484713543896164	0.005832597372957551	
5.71129159312e-08	0.589002942419	8.879110987311874e-17	1.2556959180072415e-16	
5.38763183856e-08	1.63319076724	1.9849645578260076e-06	1.406017269254404e-06	
1.02140461505e-08	1.63809047403	0.029000261165164687	0.009427596317290543	
5.84624011574e-08	0.756887249902	8.879110987311874e-17	1.2556959180072415e-16	
5.06827104208e-08	1.66423963042	1.917424873141514e-06	1.3558241300257658e-06	
2.60264489331e-08	1.53256448253	0.0007611955792068151	0.0009121369750494016	
2.43667196523e-08	0.560721049392	8.879110987311874e-17	1.2556959180072415e-16	
1.25700385526e-08	1.99771459172	0.024568481221503815	0.009670387711529381	
1.2197433224e-08	1.78095864816	0.02996926652493528	0.012073629009030631	
4.95685320849e-08	1.73852924831	7.003736490439138e-06	5.694634243260428e-06	
1.86174651911e-08	1.01609851254	0.009579234945085613	0.0020584737798895513	
7.9375421729e-09	1.94663424428	0.016102360489751045	0.005274014906823552	
1.61934163232e-08	1.3132087875	0.026329302938874772	0.010860664797512194	
1.2197433224e-08	1.63814012527	0.036081338181537616	0.009310113176878989	
1.9498286749e-08	1.82833096214	0.011208399048974539	0.0026364480675493	
1.25700385526e-08	1.77792524584	0.025685326135720332	0.011843455208907906	
1.02140461505e-08	1.40869424966	0.031420108770569354	0.009020911090187067	
1.61381328532e-08	1.78095864816	0.0354526738558461	0.012241127387879757	
1.66414652158e-08	1.7906430834	0.034764454058933685	0.01074860332176508	
1.24083190583e-08	1.63809047403	0.033780915668724515	0.009744924570606963	
1.2271462825e-08	1.77792524584	0.03040024232352995	0.008785797140642263	
8.25849481885e-09	1.57853424193	0.020304509494093004	0.005222486467140006	
1.06533955232e-08	1.74683511109	0.02798702376173996	0.00872556735199612	
1.93183306891e-08	1.64207391809	0.015232379384926003	0.0018779684074761442	
3.48884978039e-08	1.62688348802	2.943676994352369e-06	9.551553820478275e-08	
1.16343623768e-08	1.99771459172	0.02363401921341886	0.009845784370470205	
1.2271462825e-08	1.40869424966	0.03949393780594292	0.009314063333283353	
1.16343623768e-08	1.08530184133	0.025413889300867288	0.008161692267458269	
1.3873545749e-08	1.08530184133	0.009696177694616613	0.00338443584723106	
1.60842031658e-08	1.49560622915	0.03564980957530982	0.013446064517961705	
1.01372042137e-08	1.78095864816	0.02306417582295868	0.006646646043505096	
1.25700385526e-08	1.79779581781	0.026258245206035535	0.008630065810143273	
4.26849836339e-08	1.81204395898	1.9849645578260076e-06	1.406017269254404e-06	
5.7022165074e-08	1.99771459172	6.358314447081911e-06	5.455812721272297e-06	
4.50088423279e-08	1.63809047403	1.9849645578260076e-06	1.406017269254404e-06	
1.93183306891e-08	1.78095864816	0.01427267026598991	0.0014972003902911858	
7.9375421729e-09	1.63809047403	0.02155452140374833	0.004173078642758948	
1.3133214109e-08	1.49593542471	0.026382896820153667	0.0052091750974899	
1.2271462825e-08	1.23936823694	0.029584636295969524	0.005856225647063525	
4.36316667161e-08	1.99133293304	3.902389430878731e-06	1.310679220265866e-06	
3.59465624641e-08	1.4831004994	1.9849645578260076e-06	1.406017269254404e-06	
4.85874149998e-08	1.63814012527	7.894909242281006e-06	7.4760230495545255e-06	
4.13174848235e-08	1.98087794306	5.977484369228283e-06	6.526199840507377e-06	
4.56682626676e-08	1.94943931079	7.003736490439138e-06	5.694634243260428e-06	
5.38054129971e-09	1.42758565938	0.007462864336950928	0.0024389300622242667	
2.80587932487e-08	0.667133197111	8.879110987311874e-17	1.2556959180072415e-16	
3.28520874324e-08	1.05230972979	6.936196805754645e-06	7.86368365523505e-06	
5.0668201848e-08	0.600830134922	8.879110987311874e-17	1.2556959180072415e-16	
4.60808777639e-08	1.15121077739	2.943676994352369e-06	2.350297945738035e-06	
1.24253750868e-08	0.74437492962	8.879110987311874e-17	1.2556959180072415e-16	
4.53989751286e-08	1.71688909512	6.9361968057546444e-06	7.863683655235048e-06	
3.01074943653e-08	1.44557567408	4.0374688002477175e-06	3.8590745699379065e-06	
4.81680465914e-08	1.80512546303	2.943676994352369e-06	2.350297945738035e-06	
1.33768109954e-08	1.06058215119	0.012926760039349611	0.004083181165204876	
7.09010810277e-09	1.58847900729	0.018616390300084863	0.004688642048259995	
1.93140174305e-08	1.39531239767	0.01322564177726346	0.00153866758560038	
1.93183306891e-08	1.79779581781	0.013009161432100654	0.003245898426406616	
8.30092680873e-09	1.00536374221	0.016317331975782532	0.0029493265510278084	
1.51050425118e-08	0.69961115733	8.879110987311874e-17	1.2556959180072415e-16	
3.44296046863e-08	0.532586284444	8.879110987311874e-17	1.2556959180072415e-16	
4.4017892027e-08	1.23584457442	2.943676994352369e-06	2.350297945738035e-06	
2.6982500479e-08	0.501601151747	8.879110987311874e-17	1.2556959180072415e-16	
3.16302588833e-08	1.61312759626	1.9849645578260076e-06	1.406017269254404e-06	
4.21645993087e-08	1.27463962325	2.943676994352369e-06	2.350297945738035e-06	
2.55325441911e-08	1.84780724708	0.0012894913282763976	0.001381812095321569	
6.12959106101e-08	1.01539397166	5.887353988615947e-06	1.9103107628399593e-07	
5.62494836063e-08	1.32411608314	1.247087818559039e-05	8.840850931706454e-06	
4.75528441689e-08	1.53098977893	6.936196805754645e-06	7.86368365523505e-06	
1.42551699266e-08	1.60562998153	0.017067169566597044	0.002971532931011684	
1.78850518038e-08	1.45409837601	0.026949016091900407	0.00778245551195203	
4.9350435607e-08	0.708005313841	8.879110987311874e-17	1.2556959180072415e-16	
8.93651909188e-09	0.834742498931	0.00014346236750468932	8.626409209695566e-06	
4.77056620907e-08	0.644697797821	8.879110987311874e-17	1.2556959180072415e-16	
2.10725892128e-08	1.77963345735	0.004344565599547596	0.0005234388830820246	
5.00611074407e-08	1.33875557048	2.0525042425105014e-06	2.9026793365866675e-06	
5.84693224282e-08	1.37807416798	2.943676994352369e-06	9.551553820478273e-08	
5.83038485767e-08	1.84750489883	9.587124366151526e-07	1.355824130088551e-06	
2.70395383931e-08	1.32740369157	0.0029849052832808362	0.0003576953811550105	
1.62783056305e-08	1.55221361211	0.03424349686739612	0.014595818710399104	
6.15975077793e-08	1.65409714384	6.045024053912777e-06	6.494727059067841e-06	
2.35639485722e-08	1.24912769086	0.0006002394371128511	0.00010938374464590886	
2.1892537558e-08	1.38361762459	0.0022257329859293154	0.0004280973956158056	
1.57469036899e-08	1.88354376535	0.03159455407042575	0.009928854841874404	
2.538760161e-08	1.11133102502	7.272929373585103e-05	1.889373474443188e-05	
9.88031377734e-09	1.2485255843	0.025328921593859882	0.00391423276479035	
3.80462090646e-08	1.56934082306	3.902389430878731e-06	1.310679220265866e-06	
3.38728809509e-08	0.71113241918	8.879110987311874e-17	1.2556959180072415e-16	
5.12223941887e-08	0.954518842881	6.045024053912777e-06	6.494727059067841e-06	
5.03809829836e-08	0.547521337523	8.879110987311874e-17	1.2556959180072415e-16	
3.65307207424e-08	0.526283314987	8.879110987311874e-17	1.2556959180072415e-16	
5.67205307615e-08	1.17637308764	4.9961812367740795e-06	2.99819487466588e-06	
2.26461529077e-08	1.65553229038	0.0011709677111758703	0.0001281727707191812	
2.16657091396e-08	0.672842468849	8.879110987311874e-17	1.2556959180072415e-16	
3.62709172541e-08	1.18478516094	1.9849645578260076e-06	1.406017269254404e-06	
2.12090835642e-08	0.608587764101	8.879110987311874e-17	1.2556959180072415e-16	
5.46701849649e-08	1.12883051826	5.9548936733004415e-06	2.6004627704324706e-06	
5.48577421017e-08	1.97569684346	5.977484369228283e-06	8.45343946364747e-06	
4.32309473488e-08	0.826911483592	8.879110987311874e-17	1.2556959180072415e-16	
1.37009218128e-08	0.532739127744	8.879110987311874e-17	1.2556959180072415e-16	
6.17782432743e-08	1.48545110836	1.2981220859578628e-05	1.4147714720533859e-05	
8.25849481885e-09	1.99771459172	0.019035182778541507	0.006601526326225608	
5.00825599238e-08	1.1504154398	7.0486854791957894e-06	6.3509915502420014e-06	
1.2197433224e-08	1.23936823694	0.029575215950485706	0.00732915782490974	
1.3133214109e-08	1.39531239767	0.02965732156302479	0.002209536214568068	
2.94383971764e-08	1.83516381444	0.002225415307152349	0.00027578518694705995	
1.15749419635e-08	1.07828607232	0.025996835844071257	0.008265439750425436	
1.93140174305e-08	1.49593542471	0.012915757945957855	0.0019401187236156312	
1.67489159884e-08	1.99771459172	0.033959331062412286	0.013265867095910967	
1.2271462825e-08	1.78095864816	0.03134307477429241	0.011165183606125461	
1.25700385526e-08	1.78095864816	0.026211762062793895	0.009146305724688532	
1.16343623768e-08	1.82833096214	0.03380745507299965	0.008871021765689354	
1.16343623768e-08	1.41704384827	0.03886918924594785	0.00603987314439132	
1.86174651911e-08	1.41272971872	0.021771113293220404	0.003585457704454545	
1.25700385526e-08	1.94663424428	0.023310111238635	0.011557731544236812	
7.9375421729e-09	1.77792524584	0.01721370587983408	0.0022307993080417656	
1.46861662458e-08	1.01609851254	0.01166176578414288	0.00804241103416763	
1.9498286749e-08	1.98972797678	0.012815763618341252	0.0035985321165493264	
1.93183306891e-08	1.57853424193	0.013274544806135763	0.002419635220540192	
5.08647026045e-08	0.662361029882	8.879110987311874e-17	1.2556959180072415e-16	
1.88968911726e-08	1.77792524584	0.016347156815458133	0.00232819399240753	
8.25849481885e-09	1.94663424428	0.01763322811022793	0.005676087473933353	
7.9375421729e-09	1.78095864816	0.015711426712070733	0.004719814778468513	
1.16343623768e-08	0.964006788768	0.010122743361809577	0.0074075489658819126	
8.25849481885e-09	1.79779581781	0.016496163285231877	0.0025970872234016952	
5.84287983933e-08	0.870645029691	5.018771932701921e-06	7.097615333496134e-06	
2.33462834394e-08	1.98874602452	0.000858985330840909	0.00010114143726833242	
2.65481138671e-08	1.23189624126	4.371405844465077e-05	1.1741514195788446e-05	
8.25849481885e-09	1.77792524584	0.018151050828656867	0.0022933090043984234	
9.94498222472e-09	0.880167740757	0.002155618390923467	0.0009577560466086692	
3.15130321472e-08	1.32707764131	6.022433357984935e-06	5.031216042283457e-06	
3.05976270192e-08	0.644520392037	8.879110987311874e-17	1.2556959180072415e-16	
1.6427776426e-08	0.639278467264	8.879110987311874e-17	1.2556959180072415e-16	
5.22950967603e-08	1.68704712492	8.879110987311874e-17	1.2556959180072415e-16	
5.4588851628e-08	0.789086905708	8.879110987311874e-17	1.2556959180072415e-16	
3.1416169152e-08	0.750798044868	8.879110987311874e-17	1.2556959180072415e-16	
3.47746810852e-08	1.50801638397	5.063720921458573e-06	5.26017138708712e-06	
5.1484575064e-08	1.46552124447	3.0112166790368626e-06	2.5156080211972544e-06	
1.94881971326e-08	1.05917456783	0.004630843496819381	0.0008501424256496365	
2.91605802339e-08	1.45043406951	0.0021242072829554225	0.0003056519887922089	
1.16343623768e-08	1.78095864816	0.036853813103591516	0.011938053152083012	
9.52913249655e-09	1.64334418384	0.028254352326147713	0.004047319361882285	
1.19751436112e-08	1.90143885667	0.029675182690691155	0.009663023386328557	
4.99991533683e-08	0.899753026739	5.018771932701921e-06	7.097615333496134e-06	
3.1764724604e-08	1.1510860335	8.92116136349186e-06	8.406088695974758e-06	
3.99945351319e-08	1.76060261687	3.834849746194237e-06	3.587173469825983e-06	
2.29481199857e-08	1.17133783656	0.0007544816673010277	0.0001686349599497588	
3.86055484169e-08	0.918233582948	1.0996256301841414e-05	1.555105479720639e-05	
1.68309160673e-08	1.06276062848	0.019661011685303667	0.0090174661008031	
3.19855388496e-08	1.2464277773	4.9961812367740795e-06	3.8084051415487073e-06	
1.27762369306e-08	1.89487982315	0.023792129430626807	0.010337872874423693	
1.63115690202e-08	1.43436793576	0.03550192492449391	0.00750655807284098	
4.65373754707e-08	1.76605784165	7.962448926965498e-06	5.133493635044442e-06	
1.68297404242e-08	0.985128576747	0.015937607797668923	0.0058302644874768895	
3.54228271962e-08	1.02161455652	6.936196805754645e-06	7.86368365523505e-06	
1.07445851735e-08	0.849979532016	0.0007811515760674325	0.00036100053885960824	
4.7366176615e-08	0.788976970018	8.879110987311874e-17	1.2556959180072415e-16	
1.85404310772e-08	0.8205409882	3.438317258951963e-05	4.020399798435145e-05	
4.30551466595e-08	1.03891711086	1.0262521212996463e-06	1.4513396683561182e-06	
2.40645639896e-08	0.876452262083	3.969929115563224e-06	1.5468552064353312e-06	
2.10965052178e-08	1.98324974993	0.004784384993582435	0.0005763728994184346	
1.79965638494e-08	1.00083328373	0.011586740788625623	0.0038436105559080586	
2.97470052237e-08	1.19789022045	9.947413484702715e-06	7.795970301993452e-06	
2.10736051575e-08	1.26512475566	0.002861407403367268	0.0001964371402232475	
4.9447558273e-08	0.58107007704	8.879110987311874e-17	1.2556959180072415e-16	
4.64953857743e-09	1.78958578763	0.005995607056215469	0.0004086008313278907	
5.48732606912e-08	1.69269090942	1.9849645578260076e-06	1.406017269254404e-06	
4.76158035312e-09	0.830341522735	0.00028973587141444495	6.423575352761566e-06	
1.70382338753e-08	1.98988269572	0.029123793711985032	0.009871017670189785	
2.83681907671e-08	1.23990725356	0.0033439622924465034	0.0004051466301858857	
4.08983832816e-08	1.02861588826	7.962448926965498e-06	7.050342835114745e-06	
9.84998836412e-09	1.51500853023	0.02891464766603075	0.00019894554494663828	
2.9160694106e-08	1.53025890076	0.003044743165124672	0.0007759666414763754	
1.20117449035e-08	1.4206732019	0.03822565262473167	0.006764091262551508	
2.24233508288e-08	1.19872960268	0.0014055226596437504	0.0002429257041904616	
5.3206513468e-08	1.48165315798	3.969929115563224e-06	1.5468552064353312e-06	
5.00678094065e-08	1.96405968153	2.8761373096678757e-06	2.3483562794412446e-06	
1.75004404751e-08	1.28023041029	0.021694393186638638	0.0013325346546313678	
5.09936434132e-08	1.73873025747	1.9849645578260076e-06	1.406017269254404e-06	
1.76817168676e-08	1.37567181122	0.02909351138125545	0.005421119269666108	
5.66894879691e-08	1.10933612357	6.022433357984935e-06	5.031216042283457e-06	
4.81936215689e-08	0.741561992471	8.879110987311874e-17	1.2556959180072415e-16	
2.06787320708e-08	1.02140001052	0.0014779236114768476	0.0005850162028700605	
8.855986992e-09	1.52962148817	0.025180173455090632	0.003187652126721937	
4.06016719119e-08	1.24918848988	5.063720921458573e-06	5.26017138708712e-06	
4.95928301226e-08	1.20017242825	3.969929115563225e-06	2.8120345384397343e-06	
3.62264618251e-08	0.606933169404	8.879110987311874e-17	1.2556959180072415e-16	
3.59270534287e-08	1.2880308562	3.0112166790368626e-06	2.5156080211972544e-06	
3.51753155893e-08	1.32028695007	1.1041205290598063e-05	6.212359976107102e-06	
1.93140174305e-08	1.74683511109	0.013884029262979209	0.004000379463966988	
5.30618332824e-08	1.52327958852	3.834849746194237e-06	3.587173469825983e-06	
3.5833540842e-08	0.726063431228	8.879110987311874e-17	1.2556959180072415e-16	
8.25849481885e-09	1.11133102502	0.020930241048864637	0.0026690770962547266	
2.538760161e-08	1.99771459172	0.0027008342293956874	0.001911790205472174	
1.16343623768e-08	1.26737033094	0.035853647121921906	0.011076911429113297	
1.16343623768e-08	1.12883051826	0.031599324986385166	0.01235509219190277	
1.16343623768e-08	1.39531239767	0.03512065830071034	0.005662608767857547	
1.06533955232e-08	1.49593542471	0.03395087784980897	0.012998957497309421	
4.70882504907e-08	1.7870456188	1.9849645578260076e-06	1.406017269254404e-06	
1.2197433224e-08	1.49593542471	0.0381116140779393	0.007606370932066332	
1.16343623768e-08	1.88354376535	0.03128399507403629	0.011528897789299596	
1.2197433224e-08	1.63814012527	0.036081338181537616	0.009310113176878989	
1.93140174305e-08	1.63814012527	0.013043893441133693	0.00084879304443889	
1.16343623768e-08	1.23936823694	0.03445385259909217	0.01025466466797461	
1.60842031658e-08	1.77792524584	0.035522336245357604	0.011792538678395078	
1.57469036899e-08	1.41704384827	0.028604559738390174	0.013881234333913438	
1.3133214109e-08	1.78095864816	0.021882329025594043	0.0072721878577824625	
1.2197433224e-08	1.23936823694	0.029575215950485706	0.00732915782490974	
5.46701849649e-08	1.78095864816	8.545898058872607e-06	1.2085724937515549e-05	
1.2271462825e-08	1.78095864816	0.03134307477429241	0.011165183606125461	
1.86174651911e-08	1.00118782328	0.007711985902417858	0.0024405597082322044	
7.9375421729e-09	1.49560622915	0.02097077594896028	0.00405585721065792	
1.67175657519e-08	1.41272971872	0.03713416178698164	0.009830404648062948	
2.07636659276e-08	1.77792524584	0.004929387141263809	0.001056125890926496	
1.72655152547e-08	1.41272971872	0.03154422354886263	0.0059305385460208014	
1.86174651911e-08	1.77792524584	0.02004348402302127	0.004091302783859805	
1.88968911726e-08	1.84780724708	0.016458015997812155	0.0021164609528822953	
5.67205307615e-08	1.57853424193	2.943676994352369e-06	9.551553820478273e-08	
2.55325441911e-08	1.77792524584	0.002016693549894295	0.0013038257517203164	
1.61381328532e-08	1.24915131961	0.031102930862747364	0.007620476273515159	
2.32358759414e-08	1.00536374221	0.0002736887348496483	6.815914886178334e-05	
1.78850518038e-08	1.63814012527	0.024803426820547838	0.006345319026058164	
1.19513564116e-08	1.78112442333	0.03211071606836973	0.012849354125327556	
8.30092680873e-09	1.77792524584	0.018332775580169377	0.002726310175602368	
5.91392991665e-08	1.42833856713	3.0112166790368626e-06	2.5156080211972544e-06	
1.15967783902e-08	1.12137410788	0.030175934129324455	0.0123764995622097	
5.89201565102e-08	1.86057318858	5.467141695240042e-06	7.731705932823903e-06	
4.97361342506e-08	0.985991637535	2.943676994352369e-06	2.350297945738035e-06	
1.2197433224e-08	1.45409837601	0.037063367663550874	0.005464139049707543	
1.75417484651e-08	0.870132425207	0.0037042610780078935	0.000719570027698799	
5.54282221469e-08	1.48483215287	9.947413484702716e-06	3.750733070526325e-06	
4.23542886128e-08	1.30087856957	1.0262521212996463e-06	1.4513396683561182e-06	
3.61166818904e-08	0.567526379681	8.879110987311874e-17	1.2556959180072415e-16	
8.19259521956e-09	1.71511012378	0.020880586418605265	0.0025064957330215563	
3.5731855952e-08	1.15869479295	2.943676994352369e-06	9.551553820478273e-08	
3.51860359927e-08	1.59781649773	1.9849645578260076e-06	1.406017269254404e-06	
3.17040728311e-08	1.0817499638	7.894909242281006e-06	7.4760230495545255e-06	
5.74503551555e-08	1.13860894471	7.0486854791957894e-06	6.3509915502420014e-06	
1.14426378641e-08	0.879870719091	0.002630062688212031	0.0013887506960943263	
2.66299688558e-08	1.71312782566	0.00421674179047376	0.0019436313306749504	
2.74674099489e-08	1.56391214155	0.005095243676445299	0.0012451231920292388	
1.60598181696e-08	0.777278027981	9.607865403341022e-06	1.3587573558671766e-05	
3.16010486936e-08	0.599959199285	8.879110987311874e-17	1.2556959180072415e-16	
4.16013396254e-08	1.79570218165	1.917424873141514e-06	2.7116482602398862e-06	
5.89524636597e-08	1.65381537716	6.936196805754645e-06	7.86368365523505e-06	
3.10422482961e-08	0.658146026471	8.879110987311874e-17	1.2556959180072415e-16	
3.91687574877e-08	1.79990865991	9.587124366151526e-07	1.355824130088551e-06	
1.83068081128e-08	1.27484756783	0.021330180590577164	0.0005773989095177126	
2.08314073771e-08	1.44683711303	0.00385959874716755	0.0008177443806044116	
1.15787959248e-08	1.27622437674	0.031787779303936704	0.007074312793577444	
4.29386076993e-08	1.59931949591	9.587124366151526e-07	1.355824130088551e-06	
4.34337956981e-08	1.73348255688	7.9624489269655e-06	5.133493635044442e-06	
4.65559553184e-08	1.77468067794	2.943676994352369e-06	2.350297945738035e-06	
5.33478304287e-08	1.37758735384	1.001495316938721e-05	6.171327411037039e-06	
4.47223423707e-08	0.982271364034	1.9849645578260076e-06	1.406017269254404e-06	
2.0012898277e-08	1.59223035238	0.008157955869445288	0.0011515188605610268	
5.09382856786e-08	1.78545805732	7.9624489269655e-06	5.133493635044441e-06	
5.40634839698e-08	1.86841856764	5.399602010555549e-06	5.724175692763005e-06	
1.77511254494e-08	1.03151018538	0.0172406056434322	0.0050544179875100246	
4.97437855495e-08	1.08168979438	9.056240732860849e-06	7.322000012281965e-06	
1.0183696534e-08	0.65093524779	8.879110987311874e-17	1.2556959180072415e-16	
6.00617749736e-08	1.67105802489	1.2022508423052268e-05	6.432265911149055e-06	
1.70331874463e-08	0.854943250239	0.0029071151088268295	0.00192945277061465	
1.21550096532e-08	1.94178863403	0.027440731752880903	0.012481131374660547	
1.11944849875e-08	1.94254778893	0.02600783952007421	0.00475847919993476	
3.67122755994e-08	1.93947599773	1.917424873141514e-06	2.7116482602398862e-06	
1.84294639913e-08	1.87728710749	0.019409768566811505	0.003966431017910708	
3.40495980345e-08	1.61650349661	1.9849645578260076e-06	1.406017269254404e-06	
2.95878353325e-08	0.7948968277	8.879110987311874e-17	1.2556959180072415e-16	
2.86599194933e-08	1.35769061098	0.0038644947033948216	0.0011106422841577394	
3.03735496512e-08	1.28027176793	3.0112166790368626e-06	2.5156080211972544e-06	
5.48244252572e-09	1.95482194296	0.007638252413315366	0.0015773800320521092	
4.4995474514e-08	1.93831169329	1.3900551080582715e-05	1.0908569901265181e-05	
1.16343623768e-08	0.964006788768	0.010122743361809577	0.0074075489658819126	
1.16343623768e-08	1.39531239767	0.03512065830071034	0.005662608767857547	
3.38575877637e-08	1.81427651897	1.1825456142233161e-05	1.2872272229590847e-05	
3.35520606286e-08	1.74571387506	1.0934283390391293e-05	1.5463411865522235e-05	
2.07636659276e-08	1.88354376535	0.005225097736777498	0.0014099511870610227	
1.67175657519e-08	1.12883051826	0.021200952677855486	0.004259028535192505	
1.2197433224e-08	1.90143885667	0.02548689831809563	0.010346669841979092	
5.06856405918e-08	0.631793839704	8.879110987311874e-17	1.2556959180072415e-16	
1.07445851735e-08	1.49593542471	0.03530477678953812	0.01543570192955596	
1.06533955232e-08	0.849979532016	0.0010347143710359855	0.0004729009340555876	
1.16343623768e-08	1.41272971872	0.038197540264296344	0.0072000675195012295	
1.16343623768e-08	1.77792524584	0.032355463296880875	0.009566616751151641	
1.20117449035e-08	1.12883051826	0.026356030800001918	0.010988859281876071	
1.25700385526e-08	1.90143885667	0.023764151594004468	0.008710322560143076	
1.19751436112e-08	1.78095864816	0.033007730285000376	0.012349578764790857	
1.67175657519e-08	1.24915131961	0.02856784635209396	0.00730865142828247	
1.16343623768e-08	1.99771459172	0.02363401921341886	0.009845784370470205	
9.52913249655e-09	1.90143885667	0.02273042951239848	0.0037921784554765525	
1.61381328532e-08	1.41272971872	0.029939893467755985	0.010034596844769726	
1.19751436112e-08	1.64334418384	0.03417437990790847	0.00457402743808952	
1.19751436112e-08	1.63814012527	0.03598485838890766	0.008347769231101861	
1.2197433224e-08	1.49560622915	0.03893033536737492	0.00867818343363839	
1.2197433224e-08	1.43436793576	0.04025186696105893	0.008717425171429247	
7.9375421729e-09	1.45409837601	0.021206606638684983	0.004837856813161659	
1.41198010713e-08	0.873223650397	0.0007032720767687839	0.00022211836316473688	
1.32542896375e-08	0.833516627157	0.00010486021465116363	5.666134328118183e-05	
5.66677707666e-08	1.19038210492	3.969929115563225e-06	2.8120345384397343e-06	
7.1971467546e-09	1.78545017425	0.017646699201206834	0.006110605599564219	
1.67175657519e-08	1.26737033094	0.025168592055688752	0.0022244940362772174	
1.2271462825e-08	1.90143885667	0.025682172977516595	0.013096111847393739	
2.6579097806e-08	1.0963701364	0.00036592655789263767	0.0002824394395077561	
4.31687233421e-08	0.787515101322	8.879110987311874e-17	1.2556959180072415e-16	
3.80080516833e-08	0.946230424992	1.9849645578260076e-06	1.406017269254404e-06	
1.67489159884e-08	1.77792524584	0.03125328169172382	0.012648871724139836	
5.41625426576e-08	1.6070629938	9.587124366151526e-07	1.355824130088551e-06	
3.67701949645e-08	1.30995761856	1.001495316938721e-05	6.171327411037039e-06	
3.21294241237e-08	1.16783524553	4.793562182720599e-06	3.5871734698022524e-06	
1.16343623768e-08	1.4206732019	0.038452316100421775	0.007013054561877046	
4.43640317863e-08	1.88032321672	9.587124366151526e-07	1.355824130088551e-06	
1.44554850126e-08	0.773648146594	9.587124366151526e-07	1.355824130088551e-06	
6.68692019381e-09	1.57907473617	0.014982003644154552	0.002862920976897783	
1.63115690202e-08	1.49593542471	0.03584658327950357	0.016474161981357812	
6.15052494167e-08	1.94036392484	1.0418373943168679e-05	5.379924604404253e-06	
4.63804796478e-08	0.991019047619	8.92116136349186e-06	6.4647484682144215e-06	
4.04443683134e-08	0.658303322917	8.879110987311874e-17	1.2556959180072415e-16	
3.40464294028e-08	1.55748364589	1.9849645578260076e-06	1.406017269254404e-06	
4.27107026961e-08	0.850252823831	6.9361968057546444e-06	9.809263593798802e-06	
2.79848880117e-08	1.53446475394	0.005140609813688715	0.002700442142497306	
4.0302926242e-08	1.66200187519	1.917424873141514e-06	1.3558241300257658e-06	
4.11818955346e-08	1.54652848101	4.9961812367740795e-06	2.99819487466588e-06	
2.58121824493e-08	1.63599023271	0.0009952967690430698	0.001167277561266811	
5.11939177254e-08	0.73500906087	8.879110987311874e-17	1.2556959180072415e-16	
3.61732008514e-08	0.85003513642	9.587124366151526e-07	1.355824130088551e-06	
1.19228605478e-08	1.0801456201	0.023584465699822577	0.008401853456643358	
6.09480965878e-08	1.29446697192	1.2090048107736762e-05	1.2989454118176237e-05	
1.67577200626e-08	0.843829995147	0.0015318322579448496	0.0009666377137990333	
5.37416905823e-08	1.57243295589	3.969929115563224e-06	1.5468552064353312e-06	
3.31029606484e-08	1.61505725667	1.9849645578260076e-06	1.406017269254404e-06	
3.88581918613e-08	1.36681415216	4.9961812367740795e-06	2.9981948746658803e-06	
5.86266178749e-08	0.755356171069	8.879110987311874e-17	1.2556959180072415e-16	
6.18232713035e-09	0.793000782591	1.9849645578260076e-06	1.406017269254404e-06	
2.69443107135e-08	0.687318035698	8.879110987311874e-17	1.2556959180072415e-16	
2.94912884913e-08	0.794067369499	9.587124366151526e-07	1.355824130088551e-06	
1.0414617733e-08	1.69550927342	0.028291900661875122	0.006671087175643883	
4.68454890543e-08	0.826691200907	8.879110987311874e-17	1.2556959180072415e-16	
3.46844950633e-08	0.92679723392	1.0996256301841414e-05	1.555105479720639e-05	
4.9442332229e-09	1.07896493388	0.003585981942362777	0.0010293322367747688	
2.82150100154e-08	1.47245186904	0.004161523135611863	0.0018661704865058184	
2.06501772395e-08	1.07792144797	0.0018235506737863318	0.00021608933635740844	
2.33538778019e-08	0.695527059204	8.879110987311874e-17	1.2556959180072415e-16	
3.30200903744e-08	0.796110563812	8.879110987311874e-17	1.2556959180072415e-16	
5.33118845185e-08	1.45185980151	2.943676994352369e-06	2.350297945738035e-06	
4.62772108718e-09	0.757642548232	8.879110987311874e-17	1.2556959180072415e-16	
1.6825850476e-08	0.896043125822	0.003059386695738855	0.0012695456927267865	
2.80939838615e-08	0.582975207637	8.879110987311874e-17	1.2556959180072415e-16	
9.98644668869e-09	0.50033842761	8.879110987311874e-17	1.2556959180072415e-16	
3.70512224756e-08	1.63461545915	2.943676994352369e-06	2.350297945738035e-06	
9.72963330246e-09	1.73490560953	0.02287104247457089	0.004347707569133066	
5.74393309232e-08	0.685511828939	8.879110987311874e-17	1.2556959180072415e-16	
1.36717148333e-08	1.71099890935	0.016757260663833585	0.00502758864420708	
3.22935472911e-08	1.30309142831	3.969929115563225e-06	2.8120345384397343e-06	
7.93441796298e-09	1.68362611287	0.021278413320641027	0.0032410502643361646	
2.0710864846e-08	1.76218901829	0.004765933449753329	0.00086098572248443	
4.4995474514e-08	1.78095864816	6.936196805754645e-06	6.203462213796328e-06	
1.5468624626e-08	1.33311180675	0.02693943134687253	0.012139676894243985	
5.16923812745e-08	1.51221857989	1.9849645578260076e-06	1.406017269254404e-06	
1.19751436112e-08	1.93831169329	0.0258725088039846	0.007183493244627525	
2.74674099489e-08	1.43436793576	0.003298494890191387	0.0009237546813547403	
1.16343623768e-08	1.49593542471	0.03820493248473947	0.0038408139848971293	
1.63115690202e-08	1.56391214155	0.03193828240628846	0.013979418250026035	
4.77161696683e-08	1.5864539188	9.587124366151526e-07	1.355824130088551e-06	
1.63115690202e-08	1.41272971872	0.028487076566882808	0.007533673949607069	
8.29515554462e-09	1.12503903478	0.021033171760204226	0.002810793307107698	
1.67175657519e-08	1.12883051826	0.021200952677855486	0.004259028535192505	
1.2197433224e-08	1.41272971872	0.03763742178134059	0.0075401188901628325	
1.22509013621e-08	1.27999800969	0.03126231320950305	0.008257842010416598	
1.2197433224e-08	1.59223035238	0.03688732324554666	0.007828672896638933	
1.20117449035e-08	1.24915131961	0.033176395182935366	0.009569861383780694	
1.16343623768e-08	1.43436793576	0.03643739943363567	0.00879530419633341	
1.2197433224e-08	1.99771459172	0.026059712371607546	0.012545550467357041	
1.14426378641e-08	1.16783524553	0.034178572402392415	0.013355270856322526	
1.2197433224e-08	1.94178863403	0.025054223927716834	0.012424293355901188	
1.2197433224e-08	1.12883051826	0.02803950801884369	0.010539847646710567	
1.20117449035e-08	1.45409837601	0.03655492926994884	0.004518809986734095	
2.0012898277e-08	1.49560622915	0.008079478355052712	0.0012812440496746684	
1.21550096532e-08	1.63814012527	0.037545824902077356	0.009040395376885372	
1.21550096532e-08	1.95482194296	0.025020243419942887	0.011914647168767906	
5.48244252572e-09	1.94178863403	0.008124013027951816	0.002430669207990253	
1.19751436112e-08	0.964006788768	0.01085577529476383	0.008890138862310517	
1.19751436112e-08	1.49593542471	0.03820925880139201	0.008585883530527468	
1.16343623768e-08	1.78095864816	0.036853813103591516	0.01193805315208301	
1.15787959248e-08	0.873223650397	0.002500997658035281	0.0009685217378446991	
1.41198010713e-08	1.27622437674	0.016666622084530423	0.001273779834222633	
1.63115690202e-08	1.78095864816	0.034461467406702355	0.009841865281811295	
2.03619207216e-08	0.863618363007	0.00029856691862067226	2.514130228493734e-05	
3.21294241237e-08	0.879870719091	1.137708637969504e-05	8.60574717940915e-06	
1.84484515974e-08	1.53387362109	0.023718856860152054	0.001923592693028869	
1.70331874463e-08	1.74571387506	0.029995894509835242	0.009052075374761834	
1.07445851735e-08	1.24915131961	0.03181034465364296	0.011072757694698178	
3.11262718719e-08	1.79258748125	1.0866743705706799e-05	1.3385758130771096e-05	
3.29679347834e-08	0.582976825193	8.879110987311874e-17	1.2556959180072415e-16	
1.8817900919e-08	1.49593542471	0.01681448551608307	0.001906608230507688	
1.15038395498e-08	1.13432638435	0.033339466117698724	0.014092419589504884	
5.52430852665e-08	1.79659848134	4.0374688002477175e-06	3.8590745699379065e-06	
3.71207447704e-08	1.99936957472	5.399602010555549e-06	5.724175692763005e-06	
2.23251913284e-08	0.809042753618	1.9178845984512256e-06	2.7122984100078463e-06	
2.89620520286e-08	0.690879260041	8.879110987311874e-17	1.2556959180072415e-16	
3.02947552496e-08	0.734453511291	8.879110987311874e-17	1.2556959180072415e-16	
5.21124291793e-08	1.292491591	3.0112166790368626e-06	2.5156080211972544e-06	
4.40993483275e-08	1.97690762383	1.9849645578260076e-06	1.406017269254404e-06	
4.65860153644e-08	0.703959205829	8.879110987311874e-17	1.2556959180072415e-16	
4.44490758156e-08	0.536617542891	8.879110987311874e-17	1.2556959180072415e-16	
4.97425042772e-08	0.540430919405	8.879110987311874e-17	1.2556959180072415e-16	
3.35520606286e-08	0.854943250239	9.587124366151526e-07	1.355824130088551e-06	
2.93771352543e-08	1.09868818727	0.00022461006790457344	3.329385135299872e-05	
3.09684168644e-08	0.895205895399	1.6973740670980906e-05	2.4004494260916638e-05	
3.37063209229e-08	1.3759561969	4.9961812367740795e-06	3.8084051415487073e-06	
2.59414207406e-08	1.65186503299	0.0022248822998706228	0.0018201663427212947	
4.28043212826e-08	0.956822375821	6.045024053912777e-06	6.494727059067841e-06	
4.84263166551e-09	1.43180999634	0.006357092705861746	0.0017103883676067788	
4.98243324462e-08	0.85962821603	9.587124366151526e-07	1.355824130088551e-06	
3.00654561012e-08	1.18470670767	7.894909242281006e-06	7.4760230495545255e-06	
3.09084080043e-08	1.19467063839	3.902389430878731e-06	1.310679220265866e-06	
1.04737444983e-08	1.80527128268	0.028216166816841904	0.011511930883130376	
4.03460395849e-08	1.41230772781	3.0787563637213564e-06	4.354019004817216e-06	
2.12185632029e-08	1.52376323194	0.003339542179014629	0.0006474842276498461	
2.41926625589e-08	1.56379805047	0.0005160470986181038	0.00012655012069800973	
1.4656286351e-08	0.914021556536	0.00729812314677328	0.0008660200843106005	
7.15622411458e-09	0.672820281985	8.879110987311874e-17	1.2556959180072415e-16	
5.75627423689e-08	1.1835055415	4.9961812367740795e-06	3.8084051415487073e-06	
2.98674913959e-08	1.28422435148	3.969929115563225e-06	1.5468552064353312e-06	
